{
    "0": {
        "ACCURACY": 0.25,
        "PRECISION": 0.23076923076923078,
        "RECALL": 0.6,
        "PRECISION_MACRO": 0.28205128205128205,
        "RECALL_MACRO": 0.34545454545454546,
        "F1_SCORE": 0.3333333333333333,
        "F1_SCORE_MACRO": 0.23809523809523808,
        "F1_SCORE_WEIGHTED": 0.20238095238095238,
        "ROC_AUC_SCORE": 0.34545454545454546,
        "ROC_AUC_SCORE_MACRO": 0.34545454545454546,
        "ROC_AUC_SCORE_WEIGHTED": 0.34545454545454546,
        "CONFUSION_MATRIX": [
            [
                1,
                10
            ],
            [
                2,
                3
            ]
        ]
    },
    "1": {
        "ACCURACY": 0.375,
        "PRECISION": 0.3333333333333333,
        "RECALL": 1.0,
        "PRECISION_MACRO": 0.6666666666666666,
        "RECALL_MACRO": 0.5454545454545454,
        "F1_SCORE": 0.5,
        "F1_SCORE_MACRO": 0.3333333333333333,
        "F1_SCORE_WEIGHTED": 0.2708333333333333,
        "ROC_AUC_SCORE": 0.5454545454545454,
        "ROC_AUC_SCORE_MACRO": 0.5454545454545454,
        "ROC_AUC_SCORE_WEIGHTED": 0.5454545454545454,
        "CONFUSION_MATRIX": [
            [
                1,
                10
            ],
            [
                0,
                5
            ]
        ]
    },
    "2": {
        "ACCURACY": 0.375,
        "PRECISION": 0.3076923076923077,
        "RECALL": 0.8,
        "PRECISION_MACRO": 0.48717948717948717,
        "RECALL_MACRO": 0.49090909090909096,
        "F1_SCORE": 0.4444444444444444,
        "F1_SCORE_MACRO": 0.36507936507936506,
        "F1_SCORE_WEIGHTED": 0.33531746031746035,
        "ROC_AUC_SCORE": 0.49090909090909096,
        "ROC_AUC_SCORE_MACRO": 0.49090909090909096,
        "ROC_AUC_SCORE_WEIGHTED": 0.49090909090909096,
        "CONFUSION_MATRIX": [
            [
                2,
                9
            ],
            [
                1,
                4
            ]
        ]
    },
    "3": {
        "ACCURACY": 0.4375,
        "PRECISION": 0.35714285714285715,
        "RECALL": 1.0,
        "PRECISION_MACRO": 0.6785714285714286,
        "RECALL_MACRO": 0.5909090909090909,
        "F1_SCORE": 0.5263157894736842,
        "F1_SCORE_MACRO": 0.41700404858299595,
        "F1_SCORE_WEIGHTED": 0.3760121457489879,
        "ROC_AUC_SCORE": 0.5909090909090908,
        "ROC_AUC_SCORE_MACRO": 0.5909090909090908,
        "ROC_AUC_SCORE_WEIGHTED": 0.5909090909090908,
        "CONFUSION_MATRIX": [
            [
                2,
                9
            ],
            [
                0,
                5
            ]
        ]
    },
    "4": {
        "ACCURACY": 0.375,
        "PRECISION": 0.3333333333333333,
        "RECALL": 1.0,
        "PRECISION_MACRO": 0.6666666666666666,
        "RECALL_MACRO": 0.5454545454545454,
        "F1_SCORE": 0.5,
        "F1_SCORE_MACRO": 0.3333333333333333,
        "F1_SCORE_WEIGHTED": 0.2708333333333333,
        "ROC_AUC_SCORE": 0.5454545454545454,
        "ROC_AUC_SCORE_MACRO": 0.5454545454545454,
        "ROC_AUC_SCORE_WEIGHTED": 0.5454545454545454,
        "CONFUSION_MATRIX": [
            [
                1,
                10
            ],
            [
                0,
                5
            ]
        ]
    }
}