{
    "0": {
        "ACCURACY": 0.4375,
        "PRECISION": 0.3,
        "RECALL": 0.6,
        "PRECISION_MACRO": 0.4833333333333333,
        "RECALL_MACRO": 0.4818181818181818,
        "F1_SCORE": 0.4,
        "F1_SCORE_MACRO": 0.43529411764705883,
        "F1_SCORE_WEIGHTED": 0.4485294117647059,
        "ROC_AUC_SCORE": 0.4818181818181818,
        "ROC_AUC_SCORE_MACRO": 0.4818181818181818,
        "ROC_AUC_SCORE_WEIGHTED": 0.4818181818181818,
        "CONFUSION_MATRIX": [
            [
                4,
                7
            ],
            [
                2,
                3
            ]
        ]
    },
    "1": {
        "ACCURACY": 0.5,
        "PRECISION": 0.36363636363636365,
        "RECALL": 0.8,
        "PRECISION_MACRO": 0.5818181818181818,
        "RECALL_MACRO": 0.5818181818181818,
        "F1_SCORE": 0.5,
        "F1_SCORE_MACRO": 0.5,
        "F1_SCORE_WEIGHTED": 0.5,
        "ROC_AUC_SCORE": 0.5818181818181818,
        "ROC_AUC_SCORE_MACRO": 0.5818181818181818,
        "ROC_AUC_SCORE_WEIGHTED": 0.5818181818181818,
        "CONFUSION_MATRIX": [
            [
                4,
                7
            ],
            [
                1,
                4
            ]
        ]
    },
    "2": {
        "ACCURACY": 0.4375,
        "PRECISION": 0.3,
        "RECALL": 0.6,
        "PRECISION_MACRO": 0.4833333333333333,
        "RECALL_MACRO": 0.4818181818181818,
        "F1_SCORE": 0.4,
        "F1_SCORE_MACRO": 0.43529411764705883,
        "F1_SCORE_WEIGHTED": 0.4485294117647059,
        "ROC_AUC_SCORE": 0.4818181818181818,
        "ROC_AUC_SCORE_MACRO": 0.4818181818181818,
        "ROC_AUC_SCORE_WEIGHTED": 0.4818181818181818,
        "CONFUSION_MATRIX": [
            [
                4,
                7
            ],
            [
                2,
                3
            ]
        ]
    },
    "3": {
        "ACCURACY": 0.4375,
        "PRECISION": 0.3333333333333333,
        "RECALL": 0.8,
        "PRECISION_MACRO": 0.5416666666666666,
        "RECALL_MACRO": 0.5363636363636364,
        "F1_SCORE": 0.47058823529411764,
        "F1_SCORE_MACRO": 0.43529411764705883,
        "F1_SCORE_WEIGHTED": 0.4220588235294118,
        "ROC_AUC_SCORE": 0.5363636363636364,
        "ROC_AUC_SCORE_MACRO": 0.5363636363636364,
        "ROC_AUC_SCORE_WEIGHTED": 0.5363636363636364,
        "CONFUSION_MATRIX": [
            [
                3,
                8
            ],
            [
                1,
                4
            ]
        ]
    },
    "4": {
        "ACCURACY": 0.5625,
        "PRECISION": 0.4,
        "RECALL": 0.8,
        "PRECISION_MACRO": 0.6166666666666667,
        "RECALL_MACRO": 0.6272727272727273,
        "F1_SCORE": 0.5333333333333333,
        "F1_SCORE_MACRO": 0.5607843137254902,
        "F1_SCORE_WEIGHTED": 0.571078431372549,
        "ROC_AUC_SCORE": 0.6272727272727273,
        "ROC_AUC_SCORE_MACRO": 0.6272727272727273,
        "ROC_AUC_SCORE_WEIGHTED": 0.6272727272727273,
        "CONFUSION_MATRIX": [
            [
                5,
                6
            ],
            [
                1,
                4
            ]
        ]
    }
}