{
    "0": {
        "ACCURACY": 0.7985611510791367,
        "PRECISION": 0.9821428571428571,
        "RECALL": 0.8088235294117647,
        "PRECISION_MACRO": 0.5095899470899471,
        "RECALL_MACRO": 0.571078431372549,
        "F1_SCORE": 0.8870967741935484,
        "F1_SCORE_MACRO": 0.4768817204301075,
        "F1_SCORE_WEIGHTED": 0.869389649570666,
        "ROC_AUC_SCORE": 0.571078431372549,
        "ROC_AUC_SCORE_MACRO": 0.571078431372549,
        "ROC_AUC_SCORE_WEIGHTED": 0.571078431372549,
        "CONFUSION_MATRIX": [
            [
                1,
                2
            ],
            [
                26,
                110
            ]
        ]
    },
    "1": {
        "ACCURACY": 0.8201438848920863,
        "PRECISION": 0.9826086956521739,
        "RECALL": 0.8308823529411765,
        "PRECISION_MACRO": 0.5121376811594203,
        "RECALL_MACRO": 0.5821078431372549,
        "F1_SCORE": 0.900398406374502,
        "F1_SCORE_MACRO": 0.487236240224288,
        "F1_SCORE_WEIGHTED": 0.8825640682672985,
        "ROC_AUC_SCORE": 0.582107843137255,
        "ROC_AUC_SCORE_MACRO": 0.582107843137255,
        "ROC_AUC_SCORE_WEIGHTED": 0.582107843137255,
        "CONFUSION_MATRIX": [
            [
                1,
                2
            ],
            [
                23,
                113
            ]
        ]
    },
    "2": {
        "ACCURACY": 0.8633093525179856,
        "PRECISION": 0.9834710743801653,
        "RECALL": 0.875,
        "PRECISION_MACRO": 0.5195133149678605,
        "RECALL_MACRO": 0.6041666666666666,
        "F1_SCORE": 0.9260700389105059,
        "F1_SCORE_MACRO": 0.5106540670743005,
        "F1_SCORE_WEIGHTED": 0.9081384142269288,
        "ROC_AUC_SCORE": 0.6041666666666667,
        "ROC_AUC_SCORE_MACRO": 0.6041666666666667,
        "ROC_AUC_SCORE_WEIGHTED": 0.6041666666666667,
        "CONFUSION_MATRIX": [
            [
                1,
                2
            ],
            [
                17,
                119
            ]
        ]
    },
    "3": {
        "ACCURACY": 0.8633093525179856,
        "PRECISION": 0.9834710743801653,
        "RECALL": 0.875,
        "PRECISION_MACRO": 0.5195133149678605,
        "RECALL_MACRO": 0.6041666666666666,
        "F1_SCORE": 0.9260700389105059,
        "F1_SCORE_MACRO": 0.5106540670743005,
        "F1_SCORE_WEIGHTED": 0.9081384142269288,
        "ROC_AUC_SCORE": 0.6041666666666667,
        "ROC_AUC_SCORE_MACRO": 0.6041666666666667,
        "ROC_AUC_SCORE_WEIGHTED": 0.6041666666666667,
        "CONFUSION_MATRIX": [
            [
                1,
                2
            ],
            [
                17,
                119
            ]
        ]
    },
    "4": {
        "ACCURACY": 0.8129496402877698,
        "PRECISION": 0.9824561403508771,
        "RECALL": 0.8235294117647058,
        "PRECISION_MACRO": 0.5112280701754386,
        "RECALL_MACRO": 0.5784313725490196,
        "F1_SCORE": 0.896,
        "F1_SCORE_MACRO": 0.4837142857142857,
        "F1_SCORE_WEIGHTED": 0.8782034943473792,
        "ROC_AUC_SCORE": 0.5784313725490196,
        "ROC_AUC_SCORE_MACRO": 0.5784313725490196,
        "ROC_AUC_SCORE_WEIGHTED": 0.5784313725490196,
        "CONFUSION_MATRIX": [
            [
                1,
                2
            ],
            [
                24,
                112
            ]
        ]
    }
}