{
    "0": {
        "ACCURACY": 0.841726618705036,
        "PRECISION": 0.9830508474576272,
        "RECALL": 0.8529411764705882,
        "PRECISION_MACRO": 0.5153349475383374,
        "RECALL_MACRO": 0.5931372549019608,
        "F1_SCORE": 0.9133858267716536,
        "F1_SCORE_MACRO": 0.4983595800524935,
        "F1_SCORE_WEIGHTED": 0.8954710247549992,
        "ROC_AUC_SCORE": 0.5931372549019609,
        "ROC_AUC_SCORE_MACRO": 0.5931372549019609,
        "ROC_AUC_SCORE_WEIGHTED": 0.5931372549019609,
        "CONFUSION_MATRIX": [
            [
                1,
                2
            ],
            [
                20,
                116
            ]
        ]
    },
    "1": {
        "ACCURACY": 0.8992805755395683,
        "PRECISION": 0.9765625,
        "RECALL": 0.9191176470588235,
        "PRECISION_MACRO": 0.48828125,
        "RECALL_MACRO": 0.45955882352941174,
        "F1_SCORE": 0.946969696969697,
        "F1_SCORE_MACRO": 0.4734848484848485,
        "F1_SCORE_WEIGHTED": 0.9265315020710704,
        "ROC_AUC_SCORE": 0.45955882352941174,
        "ROC_AUC_SCORE_MACRO": 0.45955882352941174,
        "ROC_AUC_SCORE_WEIGHTED": 0.45955882352941174,
        "CONFUSION_MATRIX": [
            [
                0,
                3
            ],
            [
                11,
                125
            ]
        ]
    },
    "2": {
        "ACCURACY": 0.8633093525179856,
        "PRECISION": 0.9834710743801653,
        "RECALL": 0.875,
        "PRECISION_MACRO": 0.5195133149678605,
        "RECALL_MACRO": 0.6041666666666666,
        "F1_SCORE": 0.9260700389105059,
        "F1_SCORE_MACRO": 0.5106540670743005,
        "F1_SCORE_WEIGHTED": 0.9081384142269288,
        "ROC_AUC_SCORE": 0.6041666666666667,
        "ROC_AUC_SCORE_MACRO": 0.6041666666666667,
        "ROC_AUC_SCORE_WEIGHTED": 0.6041666666666667,
        "CONFUSION_MATRIX": [
            [
                1,
                2
            ],
            [
                17,
                119
            ]
        ]
    },
    "3": {
        "ACCURACY": 0.8992805755395683,
        "PRECISION": 0.9841269841269841,
        "RECALL": 0.9117647058823529,
        "PRECISION_MACRO": 0.5305250305250305,
        "RECALL_MACRO": 0.6225490196078431,
        "F1_SCORE": 0.9465648854961832,
        "F1_SCORE_MACRO": 0.5357824427480916,
        "F1_SCORE_WEIGHTED": 0.9288332692624527,
        "ROC_AUC_SCORE": 0.6225490196078431,
        "ROC_AUC_SCORE_MACRO": 0.6225490196078431,
        "ROC_AUC_SCORE_WEIGHTED": 0.6225490196078431,
        "CONFUSION_MATRIX": [
            [
                1,
                2
            ],
            [
                12,
                124
            ]
        ]
    },
    "4": {
        "ACCURACY": 0.9280575539568345,
        "PRECISION": 0.9772727272727273,
        "RECALL": 0.9485294117647058,
        "PRECISION_MACRO": 0.48863636363636365,
        "RECALL_MACRO": 0.4742647058823529,
        "F1_SCORE": 0.9626865671641791,
        "F1_SCORE_MACRO": 0.48134328358208955,
        "F1_SCORE_WEIGHTED": 0.9419091592397725,
        "ROC_AUC_SCORE": 0.4742647058823529,
        "ROC_AUC_SCORE_MACRO": 0.4742647058823529,
        "ROC_AUC_SCORE_WEIGHTED": 0.4742647058823529,
        "CONFUSION_MATRIX": [
            [
                0,
                3
            ],
            [
                7,
                129
            ]
        ]
    }
}