{
    "0": {
        "ACCURACY": 0.47058823529411764,
        "PRECISION": 0.4,
        "RECALL": 1.0,
        "PRECISION_MACRO": 0.7,
        "RECALL_MACRO": 0.5909090909090909,
        "F1_SCORE": 0.5714285714285714,
        "F1_SCORE_MACRO": 0.43956043956043955,
        "F1_SCORE_WEIGHTED": 0.40077569489334197,
        "ROC_AUC_SCORE": 0.5909090909090908,
        "ROC_AUC_SCORE_MACRO": 0.5909090909090908,
        "ROC_AUC_SCORE_WEIGHTED": 0.5909090909090908,
        "CONFUSION_MATRIX": [
            [
                2,
                9
            ],
            [
                0,
                6
            ]
        ]
    },
    "1": {
        "ACCURACY": 0.47058823529411764,
        "PRECISION": 0.4,
        "RECALL": 1.0,
        "PRECISION_MACRO": 0.7,
        "RECALL_MACRO": 0.5909090909090909,
        "F1_SCORE": 0.5714285714285714,
        "F1_SCORE_MACRO": 0.43956043956043955,
        "F1_SCORE_WEIGHTED": 0.40077569489334197,
        "ROC_AUC_SCORE": 0.5909090909090908,
        "ROC_AUC_SCORE_MACRO": 0.5909090909090908,
        "ROC_AUC_SCORE_WEIGHTED": 0.5909090909090908,
        "CONFUSION_MATRIX": [
            [
                2,
                9
            ],
            [
                0,
                6
            ]
        ]
    },
    "2": {
        "ACCURACY": 0.47058823529411764,
        "PRECISION": 0.4,
        "RECALL": 1.0,
        "PRECISION_MACRO": 0.7,
        "RECALL_MACRO": 0.5909090909090909,
        "F1_SCORE": 0.5714285714285714,
        "F1_SCORE_MACRO": 0.43956043956043955,
        "F1_SCORE_WEIGHTED": 0.40077569489334197,
        "ROC_AUC_SCORE": 0.5909090909090908,
        "ROC_AUC_SCORE_MACRO": 0.5909090909090908,
        "ROC_AUC_SCORE_WEIGHTED": 0.5909090909090908,
        "CONFUSION_MATRIX": [
            [
                2,
                9
            ],
            [
                0,
                6
            ]
        ]
    },
    "3": {
        "ACCURACY": 0.47058823529411764,
        "PRECISION": 0.4,
        "RECALL": 1.0,
        "PRECISION_MACRO": 0.7,
        "RECALL_MACRO": 0.5909090909090909,
        "F1_SCORE": 0.5714285714285714,
        "F1_SCORE_MACRO": 0.43956043956043955,
        "F1_SCORE_WEIGHTED": 0.40077569489334197,
        "ROC_AUC_SCORE": 0.5909090909090908,
        "ROC_AUC_SCORE_MACRO": 0.5909090909090908,
        "ROC_AUC_SCORE_WEIGHTED": 0.5909090909090908,
        "CONFUSION_MATRIX": [
            [
                2,
                9
            ],
            [
                0,
                6
            ]
        ]
    },
    "4": {
        "ACCURACY": 0.4117647058823529,
        "PRECISION": 0.35714285714285715,
        "RECALL": 0.8333333333333334,
        "PRECISION_MACRO": 0.5119047619047619,
        "RECALL_MACRO": 0.5075757575757576,
        "F1_SCORE": 0.5,
        "F1_SCORE_MACRO": 0.39285714285714285,
        "F1_SCORE_WEIGHTED": 0.36134453781512604,
        "ROC_AUC_SCORE": 0.5075757575757576,
        "ROC_AUC_SCORE_MACRO": 0.5075757575757576,
        "ROC_AUC_SCORE_WEIGHTED": 0.5075757575757576,
        "CONFUSION_MATRIX": [
            [
                2,
                9
            ],
            [
                1,
                5
            ]
        ]
    }
}