{
    "0": {
        "ACCURACY": 0.5294117647058824,
        "PRECISION": 0.42857142857142855,
        "RECALL": 1.0,
        "PRECISION_MACRO": 0.7142857142857143,
        "RECALL_MACRO": 0.6363636363636364,
        "F1_SCORE": 0.6,
        "F1_SCORE_MACRO": 0.5142857142857142,
        "F1_SCORE_WEIGHTED": 0.48907563025210077,
        "ROC_AUC_SCORE": 0.6363636363636364,
        "ROC_AUC_SCORE_MACRO": 0.6363636363636364,
        "ROC_AUC_SCORE_WEIGHTED": 0.6363636363636364,
        "CONFUSION_MATRIX": [
            [
                3,
                8
            ],
            [
                0,
                6
            ]
        ]
    },
    "1": {
        "ACCURACY": 0.5294117647058824,
        "PRECISION": 0.42857142857142855,
        "RECALL": 1.0,
        "PRECISION_MACRO": 0.7142857142857143,
        "RECALL_MACRO": 0.6363636363636364,
        "F1_SCORE": 0.6,
        "F1_SCORE_MACRO": 0.5142857142857142,
        "F1_SCORE_WEIGHTED": 0.48907563025210077,
        "ROC_AUC_SCORE": 0.6363636363636364,
        "ROC_AUC_SCORE_MACRO": 0.6363636363636364,
        "ROC_AUC_SCORE_WEIGHTED": 0.6363636363636364,
        "CONFUSION_MATRIX": [
            [
                3,
                8
            ],
            [
                0,
                6
            ]
        ]
    },
    "2": {
        "ACCURACY": 0.47058823529411764,
        "PRECISION": 0.4,
        "RECALL": 1.0,
        "PRECISION_MACRO": 0.7,
        "RECALL_MACRO": 0.5909090909090909,
        "F1_SCORE": 0.5714285714285714,
        "F1_SCORE_MACRO": 0.43956043956043955,
        "F1_SCORE_WEIGHTED": 0.40077569489334197,
        "ROC_AUC_SCORE": 0.5909090909090908,
        "ROC_AUC_SCORE_MACRO": 0.5909090909090908,
        "ROC_AUC_SCORE_WEIGHTED": 0.5909090909090908,
        "CONFUSION_MATRIX": [
            [
                2,
                9
            ],
            [
                0,
                6
            ]
        ]
    },
    "3": {
        "ACCURACY": 0.47058823529411764,
        "PRECISION": 0.4,
        "RECALL": 1.0,
        "PRECISION_MACRO": 0.7,
        "RECALL_MACRO": 0.5909090909090909,
        "F1_SCORE": 0.5714285714285714,
        "F1_SCORE_MACRO": 0.43956043956043955,
        "F1_SCORE_WEIGHTED": 0.40077569489334197,
        "ROC_AUC_SCORE": 0.5909090909090908,
        "ROC_AUC_SCORE_MACRO": 0.5909090909090908,
        "ROC_AUC_SCORE_WEIGHTED": 0.5909090909090908,
        "CONFUSION_MATRIX": [
            [
                2,
                9
            ],
            [
                0,
                6
            ]
        ]
    },
    "4": {
        "ACCURACY": 0.47058823529411764,
        "PRECISION": 0.4,
        "RECALL": 1.0,
        "PRECISION_MACRO": 0.7,
        "RECALL_MACRO": 0.5909090909090909,
        "F1_SCORE": 0.5714285714285714,
        "F1_SCORE_MACRO": 0.43956043956043955,
        "F1_SCORE_WEIGHTED": 0.40077569489334197,
        "ROC_AUC_SCORE": 0.5909090909090908,
        "ROC_AUC_SCORE_MACRO": 0.5909090909090908,
        "ROC_AUC_SCORE_WEIGHTED": 0.5909090909090908,
        "CONFUSION_MATRIX": [
            [
                2,
                9
            ],
            [
                0,
                6
            ]
        ]
    }
}