{
    "0": {
        "ACCURACY": 0.538860103626943,
        "PRECISION": 0.75,
        "RECALL": 0.5664335664335665,
        "PRECISION_MACRO": 0.5102941176470588,
        "RECALL_MACRO": 0.5132167832167832,
        "F1_SCORE": 0.6454183266932271,
        "F1_SCORE_MACRO": 0.4930795337169839,
        "F1_SCORE_WEIGHTED": 0.5664863096070907,
        "ROC_AUC_SCORE": 0.5132167832167832,
        "ROC_AUC_SCORE_MACRO": 0.5132167832167832,
        "ROC_AUC_SCORE_WEIGHTED": 0.5132167832167832,
        "CONFUSION_MATRIX": [
            [
                23,
                27
            ],
            [
                62,
                81
            ]
        ]
    },
    "1": {
        "ACCURACY": 0.6632124352331606,
        "PRECISION": 0.7708333333333334,
        "RECALL": 0.7762237762237763,
        "PRECISION_MACRO": 0.5588860544217688,
        "RECALL_MACRO": 0.5581118881118882,
        "F1_SCORE": 0.7735191637630662,
        "F1_SCORE_MACRO": 0.5584767535987047,
        "F1_SCORE_WEIGHTED": 0.6620982258540706,
        "ROC_AUC_SCORE": 0.558111888111888,
        "ROC_AUC_SCORE_MACRO": 0.558111888111888,
        "ROC_AUC_SCORE_WEIGHTED": 0.558111888111888,
        "CONFUSION_MATRIX": [
            [
                17,
                33
            ],
            [
                32,
                111
            ]
        ]
    },
    "2": {
        "ACCURACY": 0.7305699481865285,
        "PRECISION": 0.745945945945946,
        "RECALL": 0.965034965034965,
        "PRECISION_MACRO": 0.5604729729729729,
        "RECALL_MACRO": 0.5125174825174825,
        "F1_SCORE": 0.8414634146341463,
        "F1_SCORE_MACRO": 0.47245584524810763,
        "F1_SCORE_WEIGHTED": 0.6502677828279086,
        "ROC_AUC_SCORE": 0.5125174825174825,
        "ROC_AUC_SCORE_MACRO": 0.5125174825174825,
        "ROC_AUC_SCORE_WEIGHTED": 0.5125174825174825,
        "CONFUSION_MATRIX": [
            [
                3,
                47
            ],
            [
                5,
                138
            ]
        ]
    },
    "3": {
        "ACCURACY": 0.6476683937823834,
        "PRECISION": 0.7450980392156863,
        "RECALL": 0.7972027972027972,
        "PRECISION_MACRO": 0.5100490196078431,
        "RECALL_MACRO": 0.5086013986013986,
        "F1_SCORE": 0.7702702702702703,
        "F1_SCORE_MACRO": 0.5073573573573573,
        "F1_SCORE_WEIGHTED": 0.6340459630615071,
        "ROC_AUC_SCORE": 0.5086013986013986,
        "ROC_AUC_SCORE_MACRO": 0.5086013986013986,
        "ROC_AUC_SCORE_WEIGHTED": 0.5086013986013986,
        "CONFUSION_MATRIX": [
            [
                11,
                39
            ],
            [
                29,
                114
            ]
        ]
    },
    "4": {
        "ACCURACY": 0.5544041450777202,
        "PRECISION": 0.708029197080292,
        "RECALL": 0.6783216783216783,
        "PRECISION_MACRO": 0.4433003128258603,
        "RECALL_MACRO": 0.43916083916083914,
        "F1_SCORE": 0.6928571428571428,
        "F1_SCORE_MACRO": 0.44076819407008083,
        "F1_SCORE_WEIGHTED": 0.562241107216178,
        "ROC_AUC_SCORE": 0.43916083916083914,
        "ROC_AUC_SCORE_MACRO": 0.43916083916083914,
        "ROC_AUC_SCORE_WEIGHTED": 0.43916083916083914,
        "CONFUSION_MATRIX": [
            [
                10,
                40
            ],
            [
                46,
                97
            ]
        ]
    }
}