{
    "0": {
        "ACCURACY": 0.5647668393782384,
        "PRECISION": 0.7322834645669292,
        "RECALL": 0.6503496503496503,
        "PRECISION_MACRO": 0.4873538534955858,
        "RECALL_MACRO": 0.48517482517482513,
        "F1_SCORE": 0.6888888888888889,
        "F1_SCORE_MACRO": 0.48237547892720306,
        "F1_SCORE_WEIGHTED": 0.5818871220693626,
        "ROC_AUC_SCORE": 0.48517482517482513,
        "ROC_AUC_SCORE_MACRO": 0.48517482517482513,
        "ROC_AUC_SCORE_WEIGHTED": 0.48517482517482513,
        "CONFUSION_MATRIX": [
            [
                16,
                34
            ],
            [
                50,
                93
            ]
        ]
    },
    "1": {
        "ACCURACY": 0.5595854922279793,
        "PRECISION": 0.7636363636363637,
        "RECALL": 0.5874125874125874,
        "PRECISION_MACRO": 0.5263964950711939,
        "RECALL_MACRO": 0.5337062937062937,
        "F1_SCORE": 0.6640316205533597,
        "F1_SCORE_MACRO": 0.5124669380962288,
        "F1_SCORE_WEIGHTED": 0.585500697000442,
        "ROC_AUC_SCORE": 0.5337062937062937,
        "ROC_AUC_SCORE_MACRO": 0.5337062937062937,
        "ROC_AUC_SCORE_WEIGHTED": 0.5337062937062937,
        "CONFUSION_MATRIX": [
            [
                24,
                26
            ],
            [
                59,
                84
            ]
        ]
    },
    "2": {
        "ACCURACY": 0.6632124352331606,
        "PRECISION": 0.7241379310344828,
        "RECALL": 0.8811188811188811,
        "PRECISION_MACRO": 0.4147005444646098,
        "RECALL_MACRO": 0.4605594405594406,
        "F1_SCORE": 0.7949526813880127,
        "F1_SCORE_MACRO": 0.42646184794038317,
        "F1_SCORE_WEIGHTED": 0.6040247884099663,
        "ROC_AUC_SCORE": 0.46055944055944065,
        "ROC_AUC_SCORE_MACRO": 0.46055944055944065,
        "ROC_AUC_SCORE_WEIGHTED": 0.46055944055944065,
        "CONFUSION_MATRIX": [
            [
                2,
                48
            ],
            [
                17,
                126
            ]
        ]
    },
    "3": {
        "ACCURACY": 0.6735751295336787,
        "PRECISION": 0.7298850574712644,
        "RECALL": 0.8881118881118881,
        "PRECISION_MACRO": 0.4438898971566848,
        "RECALL_MACRO": 0.4740559440559441,
        "F1_SCORE": 0.8012618296529969,
        "F1_SCORE_MACRO": 0.4441091756960637,
        "F1_SCORE_WEIGHTED": 0.616208641074275,
        "ROC_AUC_SCORE": 0.4740559440559441,
        "ROC_AUC_SCORE_MACRO": 0.4740559440559441,
        "ROC_AUC_SCORE_WEIGHTED": 0.4740559440559441,
        "CONFUSION_MATRIX": [
            [
                3,
                47
            ],
            [
                16,
                127
            ]
        ]
    },
    "4": {
        "ACCURACY": 0.6321243523316062,
        "PRECISION": 0.7222222222222222,
        "RECALL": 0.8181818181818182,
        "PRECISION_MACRO": 0.44175627240143367,
        "RECALL_MACRO": 0.4590909090909091,
        "F1_SCORE": 0.7672131147540984,
        "F1_SCORE_MACRO": 0.4453349524387776,
        "F1_SCORE_WEIGHTED": 0.6004368648497871,
        "ROC_AUC_SCORE": 0.4590909090909091,
        "ROC_AUC_SCORE_MACRO": 0.4590909090909091,
        "ROC_AUC_SCORE_WEIGHTED": 0.4590909090909091,
        "CONFUSION_MATRIX": [
            [
                5,
                45
            ],
            [
                26,
                117
            ]
        ]
    }
}