{
    "0": {
        "ACCURACY": 0.5440414507772021,
        "PRECISION": 0.7007299270072993,
        "RECALL": 0.6713286713286714,
        "PRECISION_MACRO": 0.4307221063607925,
        "RECALL_MACRO": 0.4256643356643357,
        "F1_SCORE": 0.6857142857142857,
        "F1_SCORE_MACRO": 0.42776280323450133,
        "F1_SCORE_WEIGHTED": 0.5520606678491125,
        "ROC_AUC_SCORE": 0.4256643356643357,
        "ROC_AUC_SCORE_MACRO": 0.4256643356643357,
        "ROC_AUC_SCORE_WEIGHTED": 0.4256643356643357,
        "CONFUSION_MATRIX": [
            [
                9,
                41
            ],
            [
                47,
                96
            ]
        ]
    },
    "1": {
        "ACCURACY": 0.7046632124352331,
        "PRECISION": 0.7471264367816092,
        "RECALL": 0.9090909090909091,
        "PRECISION_MACRO": 0.5314579552329098,
        "RECALL_MACRO": 0.5145454545454545,
        "F1_SCORE": 0.8201892744479495,
        "F1_SCORE_MACRO": 0.4970511589631052,
        "F1_SCORE_WEIGHTED": 0.6527601990672012,
        "ROC_AUC_SCORE": 0.5145454545454545,
        "ROC_AUC_SCORE_MACRO": 0.5145454545454545,
        "ROC_AUC_SCORE_WEIGHTED": 0.5145454545454545,
        "CONFUSION_MATRIX": [
            [
                6,
                44
            ],
            [
                13,
                130
            ]
        ]
    },
    "2": {
        "ACCURACY": 0.6735751295336787,
        "PRECISION": 0.7325581395348837,
        "RECALL": 0.8811188811188811,
        "PRECISION_MACRO": 0.4615171650055371,
        "RECALL_MACRO": 0.48055944055944055,
        "F1_SCORE": 0.8,
        "F1_SCORE_MACRO": 0.4563380281690141,
        "F1_SCORE_WEIGHTED": 0.6219368021601109,
        "ROC_AUC_SCORE": 0.48055944055944055,
        "ROC_AUC_SCORE_MACRO": 0.48055944055944055,
        "ROC_AUC_SCORE_WEIGHTED": 0.48055944055944055,
        "CONFUSION_MATRIX": [
            [
                4,
                46
            ],
            [
                17,
                126
            ]
        ]
    },
    "3": {
        "ACCURACY": 0.6994818652849741,
        "PRECISION": 0.7428571428571429,
        "RECALL": 0.9090909090909091,
        "PRECISION_MACRO": 0.5103174603174603,
        "RECALL_MACRO": 0.5045454545454545,
        "F1_SCORE": 0.8176100628930818,
        "F1_SCORE_MACRO": 0.4823344432112468,
        "F1_SCORE_WEIGHTED": 0.6438921252341,
        "ROC_AUC_SCORE": 0.5045454545454545,
        "ROC_AUC_SCORE_MACRO": 0.5045454545454545,
        "ROC_AUC_SCORE_WEIGHTED": 0.5045454545454545,
        "CONFUSION_MATRIX": [
            [
                5,
                45
            ],
            [
                13,
                130
            ]
        ]
    },
    "4": {
        "ACCURACY": 0.616580310880829,
        "PRECISION": 0.7225806451612903,
        "RECALL": 0.7832167832167832,
        "PRECISION_MACRO": 0.4533955857385399,
        "RECALL_MACRO": 0.4616083916083916,
        "F1_SCORE": 0.7516778523489933,
        "F1_SCORE_MACRO": 0.4553843807199512,
        "F1_SCORE_WEIGHTED": 0.598157918862443,
        "ROC_AUC_SCORE": 0.4616083916083916,
        "ROC_AUC_SCORE_MACRO": 0.4616083916083916,
        "ROC_AUC_SCORE_WEIGHTED": 0.4616083916083916,
        "CONFUSION_MATRIX": [
            [
                7,
                43
            ],
            [
                31,
                112
            ]
        ]
    }
}