{
    "0": {
        "ACCURACY": 0.8992805755395683,
        "PRECISION": 0.9763779527559056,
        "RECALL": 0.9185185185185185,
        "PRECISION_MACRO": 0.5298556430446194,
        "RECALL_MACRO": 0.5842592592592593,
        "F1_SCORE": 0.9465648854961832,
        "F1_SCORE_MACRO": 0.5357824427480916,
        "F1_SCORE_WEIGHTED": 0.9229227305178759,
        "ROC_AUC_SCORE": 0.5842592592592593,
        "ROC_AUC_SCORE_MACRO": 0.5842592592592593,
        "ROC_AUC_SCORE_WEIGHTED": 0.5842592592592593,
        "CONFUSION_MATRIX": [
            [
                1,
                3
            ],
            [
                11,
                124
            ]
        ]
    },
    "1": {
        "ACCURACY": 0.9712230215827338,
        "PRECISION": 0.9712230215827338,
        "RECALL": 1.0,
        "PRECISION_MACRO": 0.4856115107913669,
        "RECALL_MACRO": 0.5,
        "F1_SCORE": 0.9854014598540146,
        "F1_SCORE_MACRO": 0.4927007299270073,
        "F1_SCORE_WEIGHTED": 0.957044583311453,
        "ROC_AUC_SCORE": 0.5,
        "ROC_AUC_SCORE_MACRO": 0.5,
        "ROC_AUC_SCORE_WEIGHTED": 0.5,
        "CONFUSION_MATRIX": [
            [
                0,
                4
            ],
            [
                0,
                135
            ]
        ]
    },
    "2": {
        "ACCURACY": 0.9496402877697842,
        "PRECISION": 0.9705882352941176,
        "RECALL": 0.9777777777777777,
        "PRECISION_MACRO": 0.4852941176470588,
        "RECALL_MACRO": 0.4888888888888889,
        "F1_SCORE": 0.974169741697417,
        "F1_SCORE_MACRO": 0.4870848708487085,
        "F1_SCORE_WEIGHTED": 0.9461360800658366,
        "ROC_AUC_SCORE": 0.4888888888888889,
        "ROC_AUC_SCORE_MACRO": 0.4888888888888889,
        "ROC_AUC_SCORE_WEIGHTED": 0.4888888888888889,
        "CONFUSION_MATRIX": [
            [
                0,
                4
            ],
            [
                3,
                132
            ]
        ]
    },
    "3": {
        "ACCURACY": 0.935251798561151,
        "PRECISION": 0.9701492537313433,
        "RECALL": 0.9629629629629629,
        "PRECISION_MACRO": 0.48507462686567165,
        "RECALL_MACRO": 0.48148148148148145,
        "F1_SCORE": 0.966542750929368,
        "F1_SCORE_MACRO": 0.483271375464684,
        "F1_SCORE_WEIGHTED": 0.9387285710465085,
        "ROC_AUC_SCORE": 0.48148148148148145,
        "ROC_AUC_SCORE_MACRO": 0.48148148148148145,
        "ROC_AUC_SCORE_WEIGHTED": 0.48148148148148145,
        "CONFUSION_MATRIX": [
            [
                0,
                4
            ],
            [
                5,
                130
            ]
        ]
    },
    "4": {
        "ACCURACY": 0.8489208633093526,
        "PRECISION": 0.975,
        "RECALL": 0.8666666666666667,
        "PRECISION_MACRO": 0.5138157894736842,
        "RECALL_MACRO": 0.5583333333333333,
        "F1_SCORE": 0.9176470588235294,
        "F1_SCORE_MACRO": 0.5023017902813299,
        "F1_SCORE_WEIGHTED": 0.8937422951664243,
        "ROC_AUC_SCORE": 0.5583333333333333,
        "ROC_AUC_SCORE_MACRO": 0.5583333333333333,
        "ROC_AUC_SCORE_WEIGHTED": 0.5583333333333333,
        "CONFUSION_MATRIX": [
            [
                1,
                3
            ],
            [
                18,
                117
            ]
        ]
    }
}