{
    "0": {
        "ACCURACY": 0.5727272727272728,
        "PRECISION": 0.8958333333333334,
        "RECALL": 0.5058823529411764,
        "PRECISION_MACRO": 0.6092069892473119,
        "RECALL_MACRO": 0.6529411764705882,
        "F1_SCORE": 0.6466165413533834,
        "F1_SCORE_MACRO": 0.5531933281479561,
        "F1_SCORE_WEIGHTED": 0.6041514444418256,
        "ROC_AUC_SCORE": 0.6529411764705882,
        "ROC_AUC_SCORE_MACRO": 0.6529411764705882,
        "ROC_AUC_SCORE_WEIGHTED": 0.6529411764705882,
        "CONFUSION_MATRIX": [
            [
                20,
                5
            ],
            [
                42,
                43
            ]
        ]
    },
    "1": {
        "ACCURACY": 0.6909090909090909,
        "PRECISION": 0.8591549295774648,
        "RECALL": 0.7176470588235294,
        "PRECISION_MACRO": 0.6218851570964247,
        "RECALL_MACRO": 0.6588235294117647,
        "F1_SCORE": 0.782051282051282,
        "F1_SCORE_MACRO": 0.625400641025641,
        "F1_SCORE_WEIGHTED": 0.7108464452214452,
        "ROC_AUC_SCORE": 0.6588235294117647,
        "ROC_AUC_SCORE_MACRO": 0.6588235294117647,
        "ROC_AUC_SCORE_WEIGHTED": 0.6588235294117647,
        "CONFUSION_MATRIX": [
            [
                15,
                10
            ],
            [
                24,
                61
            ]
        ]
    },
    "2": {
        "ACCURACY": 0.5181818181818182,
        "PRECISION": 0.8809523809523809,
        "RECALL": 0.43529411764705883,
        "PRECISION_MACRO": 0.5875350140056023,
        "RECALL_MACRO": 0.6176470588235294,
        "F1_SCORE": 0.5826771653543307,
        "F1_SCORE_MACRO": 0.5063923461180255,
        "F1_SCORE_WEIGHTED": 0.5480022475196464,
        "ROC_AUC_SCORE": 0.6176470588235294,
        "ROC_AUC_SCORE_MACRO": 0.6176470588235294,
        "ROC_AUC_SCORE_WEIGHTED": 0.6176470588235294,
        "CONFUSION_MATRIX": [
            [
                20,
                5
            ],
            [
                48,
                37
            ]
        ]
    },
    "3": {
        "ACCURACY": 0.4818181818181818,
        "PRECISION": 0.8181818181818182,
        "RECALL": 0.4235294117647059,
        "PRECISION_MACRO": 0.5378787878787878,
        "RECALL_MACRO": 0.5517647058823529,
        "F1_SCORE": 0.5581395348837209,
        "F1_SCORE_MACRO": 0.4658829542550473,
        "F1_SCORE_WEIGHTED": 0.5162047255070511,
        "ROC_AUC_SCORE": 0.5517647058823529,
        "ROC_AUC_SCORE_MACRO": 0.5517647058823529,
        "ROC_AUC_SCORE_WEIGHTED": 0.5517647058823529,
        "CONFUSION_MATRIX": [
            [
                17,
                8
            ],
            [
                49,
                36
            ]
        ]
    },
    "4": {
        "ACCURACY": 0.4636363636363636,
        "PRECISION": 0.825,
        "RECALL": 0.38823529411764707,
        "PRECISION_MACRO": 0.5410714285714285,
        "RECALL_MACRO": 0.5541176470588235,
        "F1_SCORE": 0.528,
        "F1_SCORE_MACRO": 0.45347368421052636,
        "F1_SCORE_WEIGHTED": 0.49412440191387563,
        "ROC_AUC_SCORE": 0.5541176470588235,
        "ROC_AUC_SCORE_MACRO": 0.5541176470588235,
        "ROC_AUC_SCORE_WEIGHTED": 0.5541176470588235,
        "CONFUSION_MATRIX": [
            [
                18,
                7
            ],
            [
                52,
                33
            ]
        ]
    }
}