{
    "0": {
        "ACCURACY": 0.9782608695652174,
        "PRECISION": 0.9852941176470589,
        "RECALL": 0.9925925925925926,
        "PRECISION_MACRO": 0.7426470588235294,
        "RECALL_MACRO": 0.662962962962963,
        "F1_SCORE": 0.988929889298893,
        "F1_SCORE_MACRO": 0.6944649446494465,
        "F1_SCORE_WEIGHTED": 0.9761270656184822,
        "ROC_AUC_SCORE": 0.662962962962963,
        "ROC_AUC_SCORE_MACRO": 0.662962962962963,
        "ROC_AUC_SCORE_WEIGHTED": 0.662962962962963,
        "CONFUSION_MATRIX": [
            [
                1,
                2
            ],
            [
                1,
                134
            ]
        ]
    },
    "1": {
        "ACCURACY": 0.9710144927536232,
        "PRECISION": 0.9781021897810219,
        "RECALL": 0.9925925925925926,
        "PRECISION_MACRO": 0.48905109489051096,
        "RECALL_MACRO": 0.4962962962962963,
        "F1_SCORE": 0.9852941176470589,
        "F1_SCORE_MACRO": 0.49264705882352944,
        "F1_SCORE_WEIGHTED": 0.9638746803069055,
        "ROC_AUC_SCORE": 0.4962962962962963,
        "ROC_AUC_SCORE_MACRO": 0.4962962962962963,
        "ROC_AUC_SCORE_WEIGHTED": 0.4962962962962963,
        "CONFUSION_MATRIX": [
            [
                0,
                3
            ],
            [
                1,
                134
            ]
        ]
    },
    "2": {
        "ACCURACY": 0.9637681159420289,
        "PRECISION": 0.9779411764705882,
        "RECALL": 0.9851851851851852,
        "PRECISION_MACRO": 0.4889705882352941,
        "RECALL_MACRO": 0.4925925925925926,
        "F1_SCORE": 0.981549815498155,
        "F1_SCORE_MACRO": 0.4907749077490775,
        "F1_SCORE_WEIGHTED": 0.9602117760308038,
        "ROC_AUC_SCORE": 0.4925925925925926,
        "ROC_AUC_SCORE_MACRO": 0.4925925925925926,
        "ROC_AUC_SCORE_WEIGHTED": 0.4925925925925926,
        "CONFUSION_MATRIX": [
            [
                0,
                3
            ],
            [
                2,
                133
            ]
        ]
    },
    "3": {
        "ACCURACY": 0.9347826086956522,
        "PRECISION": 1.0,
        "RECALL": 0.9333333333333333,
        "PRECISION_MACRO": 0.625,
        "RECALL_MACRO": 0.9666666666666667,
        "F1_SCORE": 0.9655172413793104,
        "F1_SCORE_MACRO": 0.6827586206896552,
        "F1_SCORE_WEIGHTED": 0.953223388305847,
        "ROC_AUC_SCORE": 0.9666666666666667,
        "ROC_AUC_SCORE_MACRO": 0.9666666666666667,
        "ROC_AUC_SCORE_WEIGHTED": 0.9666666666666667,
        "CONFUSION_MATRIX": [
            [
                3,
                0
            ],
            [
                9,
                126
            ]
        ]
    },
    "4": {
        "ACCURACY": 0.9710144927536232,
        "PRECISION": 0.9781021897810219,
        "RECALL": 0.9925925925925926,
        "PRECISION_MACRO": 0.48905109489051096,
        "RECALL_MACRO": 0.4962962962962963,
        "F1_SCORE": 0.9852941176470589,
        "F1_SCORE_MACRO": 0.49264705882352944,
        "F1_SCORE_WEIGHTED": 0.9638746803069055,
        "ROC_AUC_SCORE": 0.4962962962962963,
        "ROC_AUC_SCORE_MACRO": 0.4962962962962963,
        "ROC_AUC_SCORE_WEIGHTED": 0.4962962962962963,
        "CONFUSION_MATRIX": [
            [
                0,
                3
            ],
            [
                1,
                134
            ]
        ]
    }
}