{
    "0": {
        "ACCURACY": 0.9710144927536232,
        "PRECISION": 1.0,
        "RECALL": 0.9703703703703703,
        "PRECISION_MACRO": 0.7142857142857143,
        "RECALL_MACRO": 0.9851851851851852,
        "F1_SCORE": 0.9849624060150376,
        "F1_SCORE_MACRO": 0.7924812030075188,
        "F1_SCORE_WEIGHTED": 0.9765936580581891,
        "ROC_AUC_SCORE": 0.9851851851851852,
        "ROC_AUC_SCORE_MACRO": 0.9851851851851852,
        "ROC_AUC_SCORE_WEIGHTED": 0.9851851851851852,
        "CONFUSION_MATRIX": [
            [
                3,
                0
            ],
            [
                4,
                131
            ]
        ]
    },
    "1": {
        "ACCURACY": 0.9565217391304348,
        "PRECISION": 1.0,
        "RECALL": 0.9555555555555556,
        "PRECISION_MACRO": 0.6666666666666666,
        "RECALL_MACRO": 0.9777777777777779,
        "F1_SCORE": 0.9772727272727273,
        "F1_SCORE_MACRO": 0.7386363636363636,
        "F1_SCORE_WEIGHTED": 0.966897233201581,
        "ROC_AUC_SCORE": 0.9777777777777779,
        "ROC_AUC_SCORE_MACRO": 0.9777777777777779,
        "ROC_AUC_SCORE_WEIGHTED": 0.9777777777777779,
        "CONFUSION_MATRIX": [
            [
                3,
                0
            ],
            [
                6,
                129
            ]
        ]
    },
    "2": {
        "ACCURACY": 0.927536231884058,
        "PRECISION": 0.9921259842519685,
        "RECALL": 0.9333333333333333,
        "PRECISION_MACRO": 0.5869720830350752,
        "RECALL_MACRO": 0.8,
        "F1_SCORE": 0.9618320610687023,
        "F1_SCORE_MACRO": 0.623773173391494,
        "F1_SCORE_WEIGHTED": 0.9471338485609977,
        "ROC_AUC_SCORE": 0.8,
        "ROC_AUC_SCORE_MACRO": 0.8,
        "ROC_AUC_SCORE_WEIGHTED": 0.8,
        "CONFUSION_MATRIX": [
            [
                2,
                1
            ],
            [
                9,
                126
            ]
        ]
    },
    "3": {
        "ACCURACY": 0.9057971014492754,
        "PRECISION": 1.0,
        "RECALL": 0.9037037037037037,
        "PRECISION_MACRO": 0.59375,
        "RECALL_MACRO": 0.9518518518518518,
        "F1_SCORE": 0.9494163424124513,
        "F1_SCORE_MACRO": 0.6326029080483309,
        "F1_SCORE_WEIGHTED": 0.9356418452661851,
        "ROC_AUC_SCORE": 0.9518518518518518,
        "ROC_AUC_SCORE_MACRO": 0.9518518518518518,
        "ROC_AUC_SCORE_WEIGHTED": 0.9518518518518518,
        "CONFUSION_MATRIX": [
            [
                3,
                0
            ],
            [
                13,
                122
            ]
        ]
    },
    "4": {
        "ACCURACY": 0.9782608695652174,
        "PRECISION": 1.0,
        "RECALL": 0.9777777777777777,
        "PRECISION_MACRO": 0.75,
        "RECALL_MACRO": 0.9888888888888889,
        "F1_SCORE": 0.9887640449438202,
        "F1_SCORE_MACRO": 0.8277153558052435,
        "F1_SCORE_WEIGHTED": 0.9817619280247517,
        "ROC_AUC_SCORE": 0.9888888888888889,
        "ROC_AUC_SCORE_MACRO": 0.9888888888888889,
        "ROC_AUC_SCORE_WEIGHTED": 0.9888888888888889,
        "CONFUSION_MATRIX": [
            [
                3,
                0
            ],
            [
                3,
                132
            ]
        ]
    }
}