{
    "0": {
        "ACCURACY": 0.6,
        "PRECISION": 0.8813559322033898,
        "RECALL": 0.5842696629213483,
        "PRECISION_MACRO": 0.5779328680624792,
        "RECALL_MACRO": 0.6254681647940075,
        "F1_SCORE": 0.7027027027027027,
        "F1_SCORE_MACRO": 0.5457957957957958,
        "F1_SCORE_WEIGHTED": 0.6427927927927929,
        "ROC_AUC_SCORE": 0.6254681647940076,
        "ROC_AUC_SCORE_MACRO": 0.6254681647940076,
        "ROC_AUC_SCORE_WEIGHTED": 0.6254681647940076,
        "CONFUSION_MATRIX": [
            [
                14,
                7
            ],
            [
                37,
                52
            ]
        ]
    },
    "1": {
        "ACCURACY": 0.4727272727272727,
        "PRECISION": 0.8780487804878049,
        "RECALL": 0.4044943820224719,
        "PRECISION_MACRO": 0.5549664192294097,
        "RECALL_MACRO": 0.5831995719636169,
        "F1_SCORE": 0.5538461538461539,
        "F1_SCORE_MACRO": 0.45470085470085475,
        "F1_SCORE_WEIGHTED": 0.515990675990676,
        "ROC_AUC_SCORE": 0.5831995719636169,
        "ROC_AUC_SCORE_MACRO": 0.5831995719636169,
        "ROC_AUC_SCORE_WEIGHTED": 0.5831995719636169,
        "CONFUSION_MATRIX": [
            [
                16,
                5
            ],
            [
                53,
                36
            ]
        ]
    },
    "2": {
        "ACCURACY": 0.4090909090909091,
        "PRECISION": 0.8333333333333334,
        "RECALL": 0.33707865168539325,
        "PRECISION_MACRO": 0.5180180180180181,
        "RECALL_MACRO": 0.5256821829855538,
        "F1_SCORE": 0.48,
        "F1_SCORE_MACRO": 0.39789473684210525,
        "F1_SCORE_WEIGHTED": 0.44865071770334924,
        "ROC_AUC_SCORE": 0.5256821829855538,
        "ROC_AUC_SCORE_MACRO": 0.5256821829855538,
        "ROC_AUC_SCORE_WEIGHTED": 0.5256821829855538,
        "CONFUSION_MATRIX": [
            [
                15,
                6
            ],
            [
                59,
                30
            ]
        ]
    },
    "3": {
        "ACCURACY": 0.43636363636363634,
        "PRECISION": 0.8857142857142857,
        "RECALL": 0.34831460674157305,
        "PRECISION_MACRO": 0.5561904761904761,
        "RECALL_MACRO": 0.5789192081326913,
        "F1_SCORE": 0.5,
        "F1_SCORE_MACRO": 0.42708333333333337,
        "F1_SCORE_WEIGHTED": 0.4721590909090909,
        "ROC_AUC_SCORE": 0.5789192081326913,
        "ROC_AUC_SCORE_MACRO": 0.5789192081326913,
        "ROC_AUC_SCORE_WEIGHTED": 0.5789192081326913,
        "CONFUSION_MATRIX": [
            [
                17,
                4
            ],
            [
                58,
                31
            ]
        ]
    },
    "4": {
        "ACCURACY": 0.5,
        "PRECISION": 0.84,
        "RECALL": 0.47191011235955055,
        "PRECISION_MACRO": 0.5283333333333333,
        "RECALL_MACRO": 0.5454788657035848,
        "F1_SCORE": 0.60431654676259,
        "F1_SCORE_MACRO": 0.4626521005417888,
        "F1_SCORE_WEIGHTED": 0.550226485478284,
        "ROC_AUC_SCORE": 0.5454788657035848,
        "ROC_AUC_SCORE_MACRO": 0.5454788657035848,
        "ROC_AUC_SCORE_WEIGHTED": 0.5454788657035848,
        "CONFUSION_MATRIX": [
            [
                13,
                8
            ],
            [
                47,
                42
            ]
        ]
    }
}