{
    "0": {
        "ACCURACY": 0.5360824742268041,
        "PRECISION": 0.9076923076923077,
        "RECALL": 0.4125874125874126,
        "PRECISION_MACRO": 0.6282647584973167,
        "RECALL_MACRO": 0.6474701768819415,
        "F1_SCORE": 0.5673076923076923,
        "F1_SCORE_MACRO": 0.5336538461538461,
        "F1_SCORE_WEIGHTED": 0.5496134020618557,
        "ROC_AUC_SCORE": 0.6474701768819415,
        "ROC_AUC_SCORE_MACRO": 0.6474701768819415,
        "ROC_AUC_SCORE_WEIGHTED": 0.6474701768819415,
        "CONFUSION_MATRIX": [
            [
                45,
                6
            ],
            [
                84,
                59
            ]
        ]
    },
    "1": {
        "ACCURACY": 0.5567010309278351,
        "PRECISION": 0.7567567567567568,
        "RECALL": 0.5874125874125874,
        "PRECISION_MACRO": 0.5229566916313905,
        "RECALL_MACRO": 0.5290004113533525,
        "F1_SCORE": 0.6614173228346457,
        "F1_SCORE_MACRO": 0.5098131390292632,
        "F1_SCORE_WEIGHTED": 0.5817079066070735,
        "ROC_AUC_SCORE": 0.5290004113533525,
        "ROC_AUC_SCORE_MACRO": 0.5290004113533525,
        "ROC_AUC_SCORE_WEIGHTED": 0.5290004113533525,
        "CONFUSION_MATRIX": [
            [
                24,
                27
            ],
            [
                59,
                84
            ]
        ]
    },
    "2": {
        "ACCURACY": 0.6701030927835051,
        "PRECISION": 0.7801418439716312,
        "RECALL": 0.7692307692307693,
        "PRECISION_MACRO": 0.5787501672688344,
        "RECALL_MACRO": 0.5806938159879337,
        "F1_SCORE": 0.7746478873239436,
        "F1_SCORE_MACRO": 0.5796316359696642,
        "F1_SCORE_WEIGHTED": 0.6721135696015904,
        "ROC_AUC_SCORE": 0.5806938159879337,
        "ROC_AUC_SCORE_MACRO": 0.5806938159879337,
        "ROC_AUC_SCORE_WEIGHTED": 0.5806938159879337,
        "CONFUSION_MATRIX": [
            [
                20,
                31
            ],
            [
                33,
                110
            ]
        ]
    },
    "3": {
        "ACCURACY": 0.6494845360824743,
        "PRECISION": 0.7450980392156863,
        "RECALL": 0.7972027972027972,
        "PRECISION_MACRO": 0.5188904830224773,
        "RECALL_MACRO": 0.516248457424928,
        "F1_SCORE": 0.7702702702702703,
        "F1_SCORE_MACRO": 0.5155699177438308,
        "F1_SCORE_WEIGHTED": 0.6363556519316268,
        "ROC_AUC_SCORE": 0.516248457424928,
        "ROC_AUC_SCORE_MACRO": 0.516248457424928,
        "ROC_AUC_SCORE_WEIGHTED": 0.516248457424928,
        "CONFUSION_MATRIX": [
            [
                12,
                39
            ],
            [
                29,
                114
            ]
        ]
    },
    "4": {
        "ACCURACY": 0.6134020618556701,
        "PRECISION": 0.75,
        "RECALL": 0.7132867132867133,
        "PRECISION_MACRO": 0.521551724137931,
        "RECALL_MACRO": 0.5233100233100233,
        "F1_SCORE": 0.7311827956989247,
        "F1_SCORE_MACRO": 0.521554700601756,
        "F1_SCORE_WEIGHTED": 0.6209659621942277,
        "ROC_AUC_SCORE": 0.5233100233100234,
        "ROC_AUC_SCORE_MACRO": 0.5233100233100234,
        "ROC_AUC_SCORE_WEIGHTED": 0.5233100233100234,
        "CONFUSION_MATRIX": [
            [
                17,
                34
            ],
            [
                41,
                102
            ]
        ]
    }
}