{
    "0": {
        "ACCURACY": 0.4020618556701031,
        "PRECISION": 0.68,
        "RECALL": 0.35664335664335667,
        "PRECISION_MACRO": 0.4534453781512605,
        "RECALL_MACRO": 0.4430275606746195,
        "F1_SCORE": 0.46788990825688076,
        "F1_SCORE_MACRO": 0.3927684835402051,
        "F1_SCORE_WEIGHTED": 0.42839307670481414,
        "ROC_AUC_SCORE": 0.4430275606746195,
        "ROC_AUC_SCORE_MACRO": 0.4430275606746195,
        "ROC_AUC_SCORE_WEIGHTED": 0.4430275606746195,
        "CONFUSION_MATRIX": [
            [
                27,
                24
            ],
            [
                92,
                51
            ]
        ]
    },
    "1": {
        "ACCURACY": 0.3711340206185567,
        "PRECISION": 0.7142857142857143,
        "RECALL": 0.24475524475524477,
        "PRECISION_MACRO": 0.48472906403940885,
        "RECALL_MACRO": 0.48512272041683807,
        "F1_SCORE": 0.3645833333333333,
        "F1_SCORE_MACRO": 0.3710671768707483,
        "F1_SCORE_WEIGHTED": 0.36799236447156175,
        "ROC_AUC_SCORE": 0.48512272041683807,
        "ROC_AUC_SCORE_MACRO": 0.48512272041683807,
        "ROC_AUC_SCORE_WEIGHTED": 0.48512272041683807,
        "CONFUSION_MATRIX": [
            [
                37,
                14
            ],
            [
                108,
                35
            ]
        ]
    },
    "2": {
        "ACCURACY": 0.4587628865979381,
        "PRECISION": 0.6792452830188679,
        "RECALL": 0.5034965034965035,
        "PRECISION_MACRO": 0.43621355060034306,
        "RECALL_MACRO": 0.4184149184149184,
        "F1_SCORE": 0.5783132530120482,
        "F1_SCORE_MACRO": 0.4114587847794054,
        "F1_SCORE_WEIGHTED": 0.49058564600313287,
        "ROC_AUC_SCORE": 0.4184149184149185,
        "ROC_AUC_SCORE_MACRO": 0.4184149184149185,
        "ROC_AUC_SCORE_WEIGHTED": 0.4184149184149185,
        "CONFUSION_MATRIX": [
            [
                17,
                34
            ],
            [
                71,
                72
            ]
        ]
    },
    "3": {
        "ACCURACY": 0.6185567010309279,
        "PRECISION": 0.7315436241610739,
        "RECALL": 0.7622377622377622,
        "PRECISION_MACRO": 0.48799403430275917,
        "RECALL_MACRO": 0.48896201837378306,
        "F1_SCORE": 0.7465753424657534,
        "F1_SCORE_MACRO": 0.48787100456621,
        "F1_SCORE_WEIGHTED": 0.6105555359412512,
        "ROC_AUC_SCORE": 0.48896201837378306,
        "ROC_AUC_SCORE_MACRO": 0.48896201837378306,
        "ROC_AUC_SCORE_WEIGHTED": 0.48896201837378306,
        "CONFUSION_MATRIX": [
            [
                11,
                40
            ],
            [
                34,
                109
            ]
        ]
    },
    "4": {
        "ACCURACY": 0.5257731958762887,
        "PRECISION": 0.717948717948718,
        "RECALL": 0.5874125874125874,
        "PRECISION_MACRO": 0.47585747585747584,
        "RECALL_MACRO": 0.4701768819415878,
        "F1_SCORE": 0.6461538461538462,
        "F1_SCORE_MACRO": 0.4637019230769231,
        "F1_SCORE_WEIGHTED": 0.5502255154639175,
        "ROC_AUC_SCORE": 0.4701768819415878,
        "ROC_AUC_SCORE_MACRO": 0.4701768819415878,
        "ROC_AUC_SCORE_WEIGHTED": 0.4701768819415878,
        "CONFUSION_MATRIX": [
            [
                18,
                33
            ],
            [
                59,
                84
            ]
        ]
    }
}