{
    "0": {
        "ACCURACY": 0.44329896907216493,
        "PRECISION": 1.0,
        "RECALL": 0.24475524475524477,
        "PRECISION_MACRO": 0.660377358490566,
        "RECALL_MACRO": 0.6223776223776224,
        "F1_SCORE": 0.39325842696629215,
        "F1_SCORE_MACRO": 0.43948635634028893,
        "F1_SCORE_WEIGHTED": 0.4175638331320018,
        "ROC_AUC_SCORE": 0.6223776223776224,
        "ROC_AUC_SCORE_MACRO": 0.6223776223776224,
        "ROC_AUC_SCORE_WEIGHTED": 0.6223776223776224,
        "CONFUSION_MATRIX": [
            [
                51,
                0
            ],
            [
                108,
                35
            ]
        ]
    },
    "1": {
        "ACCURACY": 0.520618556701031,
        "PRECISION": 0.7358490566037735,
        "RECALL": 0.5454545454545454,
        "PRECISION_MACRO": 0.49860634648370494,
        "RECALL_MACRO": 0.49821746880570406,
        "F1_SCORE": 0.6265060240963856,
        "F1_SCORE_MACRO": 0.4787206379474733,
        "F1_SCORE_WEIGHTED": 0.5488044293170605,
        "ROC_AUC_SCORE": 0.49821746880570406,
        "ROC_AUC_SCORE_MACRO": 0.49821746880570406,
        "ROC_AUC_SCORE_WEIGHTED": 0.49821746880570406,
        "CONFUSION_MATRIX": [
            [
                23,
                28
            ],
            [
                65,
                78
            ]
        ]
    },
    "2": {
        "ACCURACY": 0.5927835051546392,
        "PRECISION": 0.75,
        "RECALL": 0.6713286713286714,
        "PRECISION_MACRO": 0.5189393939393939,
        "RECALL_MACRO": 0.5219388454682572,
        "F1_SCORE": 0.7084870848708487,
        "F1_SCORE_MACRO": 0.5166367048285867,
        "F1_SCORE_WEIGHTED": 0.607617297425948,
        "ROC_AUC_SCORE": 0.5219388454682572,
        "ROC_AUC_SCORE_MACRO": 0.5219388454682572,
        "ROC_AUC_SCORE_WEIGHTED": 0.5219388454682572,
        "CONFUSION_MATRIX": [
            [
                19,
                32
            ],
            [
                47,
                96
            ]
        ]
    },
    "3": {
        "ACCURACY": 0.6443298969072165,
        "PRECISION": 0.7534246575342466,
        "RECALL": 0.7692307692307693,
        "PRECISION_MACRO": 0.5329623287671232,
        "RECALL_MACRO": 0.5316742081447964,
        "F1_SCORE": 0.7612456747404844,
        "F1_SCORE_MACRO": 0.5321379888853938,
        "F1_SCORE_WEIGHTED": 0.6407869945486326,
        "ROC_AUC_SCORE": 0.5316742081447964,
        "ROC_AUC_SCORE_MACRO": 0.5316742081447964,
        "ROC_AUC_SCORE_WEIGHTED": 0.5316742081447964,
        "CONFUSION_MATRIX": [
            [
                15,
                36
            ],
            [
                33,
                110
            ]
        ]
    },
    "4": {
        "ACCURACY": 0.6237113402061856,
        "PRECISION": 0.7651515151515151,
        "RECALL": 0.7062937062937062,
        "PRECISION_MACRO": 0.5438660801564027,
        "RECALL_MACRO": 0.5492252845194021,
        "F1_SCORE": 0.7345454545454545,
        "F1_SCORE_MACRO": 0.5442638777152051,
        "F1_SCORE_WEIGHTED": 0.6345005017790347,
        "ROC_AUC_SCORE": 0.5492252845194021,
        "ROC_AUC_SCORE_MACRO": 0.5492252845194021,
        "ROC_AUC_SCORE_WEIGHTED": 0.5492252845194021,
        "CONFUSION_MATRIX": [
            [
                20,
                31
            ],
            [
                42,
                101
            ]
        ]
    }
}