{
    "0": {
        "ACCURACY": 0.5412371134020618,
        "PRECISION": 0.8461538461538461,
        "RECALL": 0.46153846153846156,
        "PRECISION_MACRO": 0.5911803713527851,
        "RECALL_MACRO": 0.6131221719457014,
        "F1_SCORE": 0.5972850678733032,
        "F1_SCORE_MACRO": 0.5321754680683881,
        "F1_SCORE_WEIGHTED": 0.5630521855016468,
        "ROC_AUC_SCORE": 0.6131221719457014,
        "ROC_AUC_SCORE_MACRO": 0.6131221719457014,
        "ROC_AUC_SCORE_WEIGHTED": 0.6131221719457014,
        "CONFUSION_MATRIX": [
            [
                39,
                12
            ],
            [
                77,
                66
            ]
        ]
    },
    "1": {
        "ACCURACY": 0.6288659793814433,
        "PRECISION": 0.7709923664122137,
        "RECALL": 0.7062937062937062,
        "PRECISION_MACRO": 0.5521628498727735,
        "RECALL_MACRO": 0.5590292060880295,
        "F1_SCORE": 0.7372262773722628,
        "F1_SCORE_MACRO": 0.5528236650019208,
        "F1_SCORE_WEIGHTED": 0.6402723265383716,
        "ROC_AUC_SCORE": 0.5590292060880295,
        "ROC_AUC_SCORE_MACRO": 0.5590292060880295,
        "ROC_AUC_SCORE_WEIGHTED": 0.5590292060880295,
        "CONFUSION_MATRIX": [
            [
                21,
                30
            ],
            [
                42,
                101
            ]
        ]
    },
    "2": {
        "ACCURACY": 0.6701030927835051,
        "PRECISION": 0.7515923566878981,
        "RECALL": 0.8251748251748252,
        "PRECISION_MACRO": 0.5379583405061112,
        "RECALL_MACRO": 0.530234471410942,
        "F1_SCORE": 0.7866666666666666,
        "F1_SCORE_MACRO": 0.5296969696969697,
        "F1_SCORE_WEIGHTED": 0.6515588878475476,
        "ROC_AUC_SCORE": 0.530234471410942,
        "ROC_AUC_SCORE_MACRO": 0.530234471410942,
        "ROC_AUC_SCORE_WEIGHTED": 0.530234471410942,
        "CONFUSION_MATRIX": [
            [
                12,
                39
            ],
            [
                25,
                118
            ]
        ]
    },
    "3": {
        "ACCURACY": 0.6082474226804123,
        "PRECISION": 0.7410071942446043,
        "RECALL": 0.7202797202797203,
        "PRECISION_MACRO": 0.5068672334859385,
        "RECALL_MACRO": 0.5071986836692719,
        "F1_SCORE": 0.7304964539007093,
        "F1_SCORE_MACRO": 0.5067576609126188,
        "F1_SCORE_WEIGHTED": 0.6128605936698576,
        "ROC_AUC_SCORE": 0.5071986836692719,
        "ROC_AUC_SCORE_MACRO": 0.5071986836692719,
        "ROC_AUC_SCORE_WEIGHTED": 0.5071986836692719,
        "CONFUSION_MATRIX": [
            [
                15,
                36
            ],
            [
                40,
                103
            ]
        ]
    },
    "4": {
        "ACCURACY": 0.6030927835051546,
        "PRECISION": 0.7391304347826086,
        "RECALL": 0.7132867132867133,
        "PRECISION_MACRO": 0.5034937888198757,
        "RECALL_MACRO": 0.5037021801727685,
        "F1_SCORE": 0.7259786476868327,
        "F1_SCORE_MACRO": 0.5031762397312668,
        "F1_SCORE_WEIGHTED": 0.6088351136071022,
        "ROC_AUC_SCORE": 0.5037021801727684,
        "ROC_AUC_SCORE_MACRO": 0.5037021801727684,
        "ROC_AUC_SCORE_WEIGHTED": 0.5037021801727684,
        "CONFUSION_MATRIX": [
            [
                15,
                36
            ],
            [
                41,
                102
            ]
        ]
    }
}