{
    "0": {
        "ACCURACY": 0.6181818181818182,
        "PRECISION": 0.873015873015873,
        "RECALL": 0.6179775280898876,
        "PRECISION_MACRO": 0.5748058088483621,
        "RECALL_MACRO": 0.6185125735687533,
        "F1_SCORE": 0.7236842105263158,
        "F1_SCORE_MACRO": 0.5530185758513932,
        "F1_SCORE_WEIGHTED": 0.6585209681958909,
        "ROC_AUC_SCORE": 0.6185125735687533,
        "ROC_AUC_SCORE_MACRO": 0.6185125735687533,
        "ROC_AUC_SCORE_WEIGHTED": 0.6185125735687533,
        "CONFUSION_MATRIX": [
            [
                13,
                8
            ],
            [
                34,
                55
            ]
        ]
    },
    "1": {
        "ACCURACY": 0.5181818181818182,
        "PRECISION": 0.8913043478260869,
        "RECALL": 0.4606741573033708,
        "PRECISION_MACRO": 0.5706521739130435,
        "RECALL_MACRO": 0.6112894596040663,
        "F1_SCORE": 0.6074074074074074,
        "F1_SCORE_MACRO": 0.49193899782135075,
        "F1_SCORE_WEIGHTED": 0.5633194692018221,
        "ROC_AUC_SCORE": 0.6112894596040663,
        "ROC_AUC_SCORE_MACRO": 0.6112894596040663,
        "ROC_AUC_SCORE_WEIGHTED": 0.6112894596040663,
        "CONFUSION_MATRIX": [
            [
                16,
                5
            ],
            [
                48,
                41
            ]
        ]
    },
    "2": {
        "ACCURACY": 0.43636363636363634,
        "PRECISION": 0.8461538461538461,
        "RECALL": 0.3707865168539326,
        "PRECISION_MACRO": 0.5287107258938245,
        "RECALL_MACRO": 0.5425361155698234,
        "F1_SCORE": 0.515625,
        "F1_SCORE_MACRO": 0.42085597826086957,
        "F1_SCORE_WEIGHTED": 0.4794404644268775,
        "ROC_AUC_SCORE": 0.5425361155698235,
        "ROC_AUC_SCORE_MACRO": 0.5425361155698235,
        "ROC_AUC_SCORE_WEIGHTED": 0.5425361155698235,
        "CONFUSION_MATRIX": [
            [
                15,
                6
            ],
            [
                56,
                33
            ]
        ]
    },
    "3": {
        "ACCURACY": 0.4909090909090909,
        "PRECISION": 0.8666666666666667,
        "RECALL": 0.43820224719101125,
        "PRECISION_MACRO": 0.5487179487179488,
        "RECALL_MACRO": 0.5762439807383628,
        "F1_SCORE": 0.582089552238806,
        "F1_SCORE_MACRO": 0.4654633807705658,
        "F1_SCORE_WEIGHTED": 0.537559559496387,
        "ROC_AUC_SCORE": 0.5762439807383627,
        "ROC_AUC_SCORE_MACRO": 0.5762439807383627,
        "ROC_AUC_SCORE_WEIGHTED": 0.5762439807383627,
        "CONFUSION_MATRIX": [
            [
                15,
                6
            ],
            [
                50,
                39
            ]
        ]
    },
    "4": {
        "ACCURACY": 0.4727272727272727,
        "PRECISION": 0.8780487804878049,
        "RECALL": 0.4044943820224719,
        "PRECISION_MACRO": 0.5549664192294097,
        "RECALL_MACRO": 0.5831995719636169,
        "F1_SCORE": 0.5538461538461539,
        "F1_SCORE_MACRO": 0.45470085470085475,
        "F1_SCORE_WEIGHTED": 0.515990675990676,
        "ROC_AUC_SCORE": 0.5831995719636169,
        "ROC_AUC_SCORE_MACRO": 0.5831995719636169,
        "ROC_AUC_SCORE_WEIGHTED": 0.5831995719636169,
        "CONFUSION_MATRIX": [
            [
                16,
                5
            ],
            [
                53,
                36
            ]
        ]
    }
}