{
    "0": {
        "ACCURACY": 0.7253886010362695,
        "PRECISION": 0.7393617021276596,
        "RECALL": 0.972027972027972,
        "PRECISION_MACRO": 0.46968085106382984,
        "RECALL_MACRO": 0.496013986013986,
        "F1_SCORE": 0.8398791540785498,
        "F1_SCORE_MACRO": 0.4381213952210931,
        "F1_SCORE_WEIGHTED": 0.6317145121834945,
        "ROC_AUC_SCORE": 0.496013986013986,
        "ROC_AUC_SCORE_MACRO": 0.496013986013986,
        "ROC_AUC_SCORE_WEIGHTED": 0.496013986013986,
        "CONFUSION_MATRIX": [
            [
                1,
                49
            ],
            [
                4,
                139
            ]
        ]
    },
    "1": {
        "ACCURACY": 0.7357512953367875,
        "PRECISION": 0.7421052631578947,
        "RECALL": 0.986013986013986,
        "PRECISION_MACRO": 0.537719298245614,
        "RECALL_MACRO": 0.503006993006993,
        "F1_SCORE": 0.8468468468468469,
        "F1_SCORE_MACRO": 0.4422913479517253,
        "F1_SCORE_WEIGHTED": 0.6372325987146595,
        "ROC_AUC_SCORE": 0.503006993006993,
        "ROC_AUC_SCORE_MACRO": 0.503006993006993,
        "ROC_AUC_SCORE_WEIGHTED": 0.503006993006993,
        "CONFUSION_MATRIX": [
            [
                1,
                49
            ],
            [
                2,
                141
            ]
        ]
    },
    "2": {
        "ACCURACY": 0.7409326424870466,
        "PRECISION": 0.743455497382199,
        "RECALL": 0.993006993006993,
        "PRECISION_MACRO": 0.6217277486910995,
        "RECALL_MACRO": 0.5065034965034965,
        "F1_SCORE": 0.8502994011976048,
        "F1_SCORE_MACRO": 0.44438046982957163,
        "F1_SCORE_WEIGHTED": 0.6399787113696084,
        "ROC_AUC_SCORE": 0.5065034965034965,
        "ROC_AUC_SCORE_MACRO": 0.5065034965034965,
        "ROC_AUC_SCORE_WEIGHTED": 0.5065034965034965,
        "CONFUSION_MATRIX": [
            [
                1,
                49
            ],
            [
                1,
                142
            ]
        ]
    },
    "3": {
        "ACCURACY": 0.7305699481865285,
        "PRECISION": 0.7433155080213903,
        "RECALL": 0.972027972027972,
        "PRECISION_MACRO": 0.5383244206773619,
        "RECALL_MACRO": 0.506013986013986,
        "F1_SCORE": 0.8424242424242424,
        "F1_SCORE_MACRO": 0.4569264069264069,
        "F1_SCORE_WEIGHTED": 0.6426844312854676,
        "ROC_AUC_SCORE": 0.5060139860139861,
        "ROC_AUC_SCORE_MACRO": 0.5060139860139861,
        "ROC_AUC_SCORE_WEIGHTED": 0.5060139860139861,
        "CONFUSION_MATRIX": [
            [
                2,
                48
            ],
            [
                4,
                139
            ]
        ]
    },
    "4": {
        "ACCURACY": 0.7409326424870466,
        "PRECISION": 0.743455497382199,
        "RECALL": 0.993006993006993,
        "PRECISION_MACRO": 0.6217277486910995,
        "RECALL_MACRO": 0.5065034965034965,
        "F1_SCORE": 0.8502994011976048,
        "F1_SCORE_MACRO": 0.44438046982957163,
        "F1_SCORE_WEIGHTED": 0.6399787113696084,
        "ROC_AUC_SCORE": 0.5065034965034965,
        "ROC_AUC_SCORE_MACRO": 0.5065034965034965,
        "ROC_AUC_SCORE_WEIGHTED": 0.5065034965034965,
        "CONFUSION_MATRIX": [
            [
                1,
                49
            ],
            [
                1,
                142
            ]
        ]
    }
}