{
    "0": {
        "ACCURACY": 0.34196891191709844,
        "PRECISION": 0.6290322580645161,
        "RECALL": 0.2727272727272727,
        "PRECISION_MACRO": 0.4175695641467619,
        "RECALL_MACRO": 0.40636363636363637,
        "F1_SCORE": 0.3804878048780488,
        "F1_SCORE_MACRO": 0.33941517315725644,
        "F1_SCORE_WEIGHTED": 0.35920664854603207,
        "ROC_AUC_SCORE": 0.40636363636363637,
        "ROC_AUC_SCORE_MACRO": 0.40636363636363637,
        "ROC_AUC_SCORE_WEIGHTED": 0.40636363636363637,
        "CONFUSION_MATRIX": [
            [
                27,
                23
            ],
            [
                104,
                39
            ]
        ]
    },
    "1": {
        "ACCURACY": 0.5595854922279793,
        "PRECISION": 0.7457627118644068,
        "RECALL": 0.6153846153846154,
        "PRECISION_MACRO": 0.5062146892655367,
        "RECALL_MACRO": 0.5076923076923077,
        "F1_SCORE": 0.6743295019157088,
        "F1_SCORE_MACRO": 0.4971647509578544,
        "F1_SCORE_WEIGHTED": 0.5825342941655253,
        "ROC_AUC_SCORE": 0.5076923076923077,
        "ROC_AUC_SCORE_MACRO": 0.5076923076923077,
        "ROC_AUC_SCORE_WEIGHTED": 0.5076923076923077,
        "CONFUSION_MATRIX": [
            [
                20,
                30
            ],
            [
                55,
                88
            ]
        ]
    },
    "2": {
        "ACCURACY": 0.6217616580310881,
        "PRECISION": 0.7364864864864865,
        "RECALL": 0.7622377622377622,
        "PRECISION_MACRO": 0.4904654654654655,
        "RECALL_MACRO": 0.4911188811188811,
        "F1_SCORE": 0.7491408934707904,
        "F1_SCORE_MACRO": 0.49035992041960574,
        "F1_SCORE_WEIGHTED": 0.615057487744788,
        "ROC_AUC_SCORE": 0.491118881118881,
        "ROC_AUC_SCORE_MACRO": 0.491118881118881,
        "ROC_AUC_SCORE_WEIGHTED": 0.491118881118881,
        "CONFUSION_MATRIX": [
            [
                11,
                39
            ],
            [
                34,
                109
            ]
        ]
    },
    "3": {
        "ACCURACY": 0.538860103626943,
        "PRECISION": 0.7213114754098361,
        "RECALL": 0.6153846153846154,
        "PRECISION_MACRO": 0.47333179404294623,
        "RECALL_MACRO": 0.46769230769230774,
        "F1_SCORE": 0.6641509433962264,
        "F1_SCORE_MACRO": 0.4643068766567909,
        "F1_SCORE_WEIGHTED": 0.5606047948265707,
        "ROC_AUC_SCORE": 0.46769230769230763,
        "ROC_AUC_SCORE_MACRO": 0.46769230769230763,
        "ROC_AUC_SCORE_WEIGHTED": 0.46769230769230763,
        "CONFUSION_MATRIX": [
            [
                16,
                34
            ],
            [
                55,
                88
            ]
        ]
    },
    "4": {
        "ACCURACY": 0.49222797927461137,
        "PRECISION": 0.6859504132231405,
        "RECALL": 0.5804195804195804,
        "PRECISION_MACRO": 0.4263085399449036,
        "RECALL_MACRO": 0.4102097902097902,
        "F1_SCORE": 0.6287878787878788,
        "F1_SCORE_MACRO": 0.4127545951316443,
        "F1_SCORE_WEIGHTED": 0.5168535349245449,
        "ROC_AUC_SCORE": 0.4102097902097902,
        "ROC_AUC_SCORE_MACRO": 0.4102097902097902,
        "ROC_AUC_SCORE_WEIGHTED": 0.4102097902097902,
        "CONFUSION_MATRIX": [
            [
                12,
                38
            ],
            [
                60,
                83
            ]
        ]
    }
}