{
    "0": {
        "ACCURACY": 0.5492227979274611,
        "PRECISION": 0.6891891891891891,
        "RECALL": 0.7132867132867133,
        "PRECISION_MACRO": 0.389039039039039,
        "RECALL_MACRO": 0.39664335664335665,
        "F1_SCORE": 0.7010309278350515,
        "F1_SCORE_MACRO": 0.3926207270754205,
        "F1_SCORE_WEIGHTED": 0.5412328963533775,
        "ROC_AUC_SCORE": 0.3966433566433566,
        "ROC_AUC_SCORE_MACRO": 0.3966433566433566,
        "ROC_AUC_SCORE_WEIGHTED": 0.3966433566433566,
        "CONFUSION_MATRIX": [
            [
                4,
                46
            ],
            [
                41,
                102
            ]
        ]
    },
    "1": {
        "ACCURACY": 0.689119170984456,
        "PRECISION": 0.7371428571428571,
        "RECALL": 0.9020979020979021,
        "PRECISION_MACRO": 0.47968253968253965,
        "RECALL_MACRO": 0.491048951048951,
        "F1_SCORE": 0.8113207547169812,
        "F1_SCORE_MACRO": 0.4644839067702553,
        "F1_SCORE_WEIGHTED": 0.6316125433456206,
        "ROC_AUC_SCORE": 0.49104895104895097,
        "ROC_AUC_SCORE_MACRO": 0.49104895104895097,
        "ROC_AUC_SCORE_WEIGHTED": 0.49104895104895097,
        "CONFUSION_MATRIX": [
            [
                4,
                46
            ],
            [
                14,
                129
            ]
        ]
    },
    "2": {
        "ACCURACY": 0.6735751295336787,
        "PRECISION": 0.7298850574712644,
        "RECALL": 0.8881118881118881,
        "PRECISION_MACRO": 0.4438898971566848,
        "RECALL_MACRO": 0.4740559440559441,
        "F1_SCORE": 0.8012618296529969,
        "F1_SCORE_MACRO": 0.4441091756960637,
        "F1_SCORE_WEIGHTED": 0.616208641074275,
        "ROC_AUC_SCORE": 0.4740559440559441,
        "ROC_AUC_SCORE_MACRO": 0.4740559440559441,
        "ROC_AUC_SCORE_WEIGHTED": 0.4740559440559441,
        "CONFUSION_MATRIX": [
            [
                3,
                47
            ],
            [
                16,
                127
            ]
        ]
    },
    "3": {
        "ACCURACY": 0.694300518134715,
        "PRECISION": 0.7386363636363636,
        "RECALL": 0.9090909090909091,
        "PRECISION_MACRO": 0.4869652406417112,
        "RECALL_MACRO": 0.4945454545454545,
        "F1_SCORE": 0.8150470219435737,
        "F1_SCORE_MACRO": 0.4672250035091003,
        "F1_SCORE_WEIGHTED": 0.6348283595422921,
        "ROC_AUC_SCORE": 0.4945454545454545,
        "ROC_AUC_SCORE_MACRO": 0.4945454545454545,
        "ROC_AUC_SCORE_WEIGHTED": 0.4945454545454545,
        "CONFUSION_MATRIX": [
            [
                4,
                46
            ],
            [
                13,
                130
            ]
        ]
    },
    "4": {
        "ACCURACY": 0.6373056994818653,
        "PRECISION": 0.7239263803680982,
        "RECALL": 0.8251748251748252,
        "PRECISION_MACRO": 0.4452965235173824,
        "RECALL_MACRO": 0.4625874125874126,
        "F1_SCORE": 0.7712418300653595,
        "F1_SCORE_MACRO": 0.44812091503267976,
        "F1_SCORE_WEIGHTED": 0.6038216668359917,
        "ROC_AUC_SCORE": 0.4625874125874126,
        "ROC_AUC_SCORE_MACRO": 0.4625874125874126,
        "ROC_AUC_SCORE_WEIGHTED": 0.4625874125874126,
        "CONFUSION_MATRIX": [
            [
                5,
                45
            ],
            [
                25,
                118
            ]
        ]
    }
}