{
    "0": {
        "ACCURACY": 0.5440414507772021,
        "PRECISION": 0.7433628318584071,
        "RECALL": 0.5874125874125874,
        "PRECISION_MACRO": 0.5029314159292035,
        "RECALL_MACRO": 0.5037062937062937,
        "F1_SCORE": 0.65625,
        "F1_SCORE_MACRO": 0.4896634615384615,
        "F1_SCORE_WEIGHTED": 0.5699357313670785,
        "ROC_AUC_SCORE": 0.5037062937062937,
        "ROC_AUC_SCORE_MACRO": 0.5037062937062937,
        "ROC_AUC_SCORE_WEIGHTED": 0.5037062937062937,
        "CONFUSION_MATRIX": [
            [
                21,
                29
            ],
            [
                59,
                84
            ]
        ]
    },
    "1": {
        "ACCURACY": 0.6632124352331606,
        "PRECISION": 0.7910447761194029,
        "RECALL": 0.7412587412587412,
        "PRECISION_MACRO": 0.5819630660258032,
        "RECALL_MACRO": 0.5906293706293706,
        "F1_SCORE": 0.7653429602888087,
        "F1_SCORE_MACRO": 0.5845063425297254,
        "F1_SCORE_WEIGHTED": 0.6716452308799573,
        "ROC_AUC_SCORE": 0.5906293706293706,
        "ROC_AUC_SCORE_MACRO": 0.5906293706293706,
        "ROC_AUC_SCORE_WEIGHTED": 0.5906293706293706,
        "CONFUSION_MATRIX": [
            [
                22,
                28
            ],
            [
                37,
                106
            ]
        ]
    },
    "2": {
        "ACCURACY": 0.6632124352331606,
        "PRECISION": 0.7294117647058823,
        "RECALL": 0.8671328671328671,
        "PRECISION_MACRO": 0.4516624040920716,
        "RECALL_MACRO": 0.4735664335664335,
        "F1_SCORE": 0.792332268370607,
        "F1_SCORE_MACRO": 0.4509606547332487,
        "F1_SCORE_WEIGHTED": 0.6154557846206804,
        "ROC_AUC_SCORE": 0.4735664335664335,
        "ROC_AUC_SCORE_MACRO": 0.4735664335664335,
        "ROC_AUC_SCORE_WEIGHTED": 0.4735664335664335,
        "CONFUSION_MATRIX": [
            [
                4,
                46
            ],
            [
                19,
                124
            ]
        ]
    },
    "3": {
        "ACCURACY": 0.694300518134715,
        "PRECISION": 0.7333333333333333,
        "RECALL": 0.9230769230769231,
        "PRECISION_MACRO": 0.44358974358974357,
        "RECALL_MACRO": 0.4815384615384616,
        "F1_SCORE": 0.8173374613003096,
        "F1_SCORE_MACRO": 0.44041476239618654,
        "F1_SCORE_WEIGHTED": 0.6220407261168261,
        "ROC_AUC_SCORE": 0.4815384615384616,
        "ROC_AUC_SCORE_MACRO": 0.4815384615384616,
        "ROC_AUC_SCORE_WEIGHTED": 0.4815384615384616,
        "CONFUSION_MATRIX": [
            [
                2,
                48
            ],
            [
                11,
                132
            ]
        ]
    },
    "4": {
        "ACCURACY": 0.6580310880829016,
        "PRECISION": 0.7225433526011561,
        "RECALL": 0.8741258741258742,
        "PRECISION_MACRO": 0.41127167630057804,
        "RECALL_MACRO": 0.4570629370629371,
        "F1_SCORE": 0.7911392405063291,
        "F1_SCORE_MACRO": 0.42414104882459314,
        "F1_SCORE_WEIGHTED": 0.6009847370442898,
        "ROC_AUC_SCORE": 0.4570629370629371,
        "ROC_AUC_SCORE_MACRO": 0.4570629370629371,
        "ROC_AUC_SCORE_WEIGHTED": 0.4570629370629371,
        "CONFUSION_MATRIX": [
            [
                2,
                48
            ],
            [
                18,
                125
            ]
        ]
    }
}