{
    "0": {
        "ACCURACY": 0.47668393782383417,
        "PRECISION": 0.75,
        "RECALL": 0.4405594405594406,
        "PRECISION_MACRO": 0.5080275229357798,
        "RECALL_MACRO": 0.5102797202797202,
        "F1_SCORE": 0.5550660792951542,
        "F1_SCORE_MACRO": 0.45992297675449534,
        "F1_SCORE_WEIGHTED": 0.5057691349735693,
        "ROC_AUC_SCORE": 0.5102797202797204,
        "ROC_AUC_SCORE_MACRO": 0.5102797202797204,
        "ROC_AUC_SCORE_WEIGHTED": 0.5102797202797204,
        "CONFUSION_MATRIX": [
            [
                29,
                21
            ],
            [
                80,
                63
            ]
        ]
    },
    "1": {
        "ACCURACY": 0.5595854922279793,
        "PRECISION": 0.8295454545454546,
        "RECALL": 0.5104895104895105,
        "PRECISION_MACRO": 0.5814393939393939,
        "RECALL_MACRO": 0.6052447552447553,
        "F1_SCORE": 0.6320346320346321,
        "F1_SCORE_MACRO": 0.5418237676302192,
        "F1_SCORE_WEIGHTED": 0.5852932515142109,
        "ROC_AUC_SCORE": 0.6052447552447552,
        "ROC_AUC_SCORE_MACRO": 0.6052447552447552,
        "ROC_AUC_SCORE_WEIGHTED": 0.6052447552447552,
        "CONFUSION_MATRIX": [
            [
                35,
                15
            ],
            [
                70,
                73
            ]
        ]
    },
    "2": {
        "ACCURACY": 0.49740932642487046,
        "PRECISION": 0.7613636363636364,
        "RECALL": 0.46853146853146854,
        "PRECISION_MACRO": 0.5187770562770563,
        "RECALL_MACRO": 0.5242657342657342,
        "F1_SCORE": 0.5800865800865801,
        "F1_SCORE_MACRO": 0.4771400642368384,
        "F1_SCORE_WEIGHTED": 0.5267464164338641,
        "ROC_AUC_SCORE": 0.5242657342657343,
        "ROC_AUC_SCORE_MACRO": 0.5242657342657343,
        "ROC_AUC_SCORE_WEIGHTED": 0.5242657342657343,
        "CONFUSION_MATRIX": [
            [
                29,
                21
            ],
            [
                76,
                67
            ]
        ]
    },
    "3": {
        "ACCURACY": 0.47150259067357514,
        "PRECISION": 0.7070707070707071,
        "RECALL": 0.48951048951048953,
        "PRECISION_MACRO": 0.465237481194928,
        "RECALL_MACRO": 0.45475524475524476,
        "F1_SCORE": 0.5785123966942148,
        "F1_SCORE_MACRO": 0.43508953168044073,
        "F1_SCORE_WEIGHTED": 0.5042000314021039,
        "ROC_AUC_SCORE": 0.4547552447552448,
        "ROC_AUC_SCORE_MACRO": 0.4547552447552448,
        "ROC_AUC_SCORE_WEIGHTED": 0.4547552447552448,
        "CONFUSION_MATRIX": [
            [
                21,
                29
            ],
            [
                73,
                70
            ]
        ]
    },
    "4": {
        "ACCURACY": 0.5803108808290155,
        "PRECISION": 0.7719298245614035,
        "RECALL": 0.6153846153846154,
        "PRECISION_MACRO": 0.537863646457917,
        "RECALL_MACRO": 0.5476923076923077,
        "F1_SCORE": 0.6848249027237354,
        "F1_SCORE_MACRO": 0.5284589629897747,
        "F1_SCORE_WEIGHTED": 0.6038062810999216,
        "ROC_AUC_SCORE": 0.5476923076923077,
        "ROC_AUC_SCORE_MACRO": 0.5476923076923077,
        "ROC_AUC_SCORE_WEIGHTED": 0.5476923076923077,
        "CONFUSION_MATRIX": [
            [
                24,
                26
            ],
            [
                55,
                88
            ]
        ]
    }
}