{
    "0": {
        "ACCURACY": 0.7202072538860104,
        "PRECISION": 0.7379679144385026,
        "RECALL": 0.965034965034965,
        "PRECISION_MACRO": 0.4523172905525846,
        "RECALL_MACRO": 0.4925174825174825,
        "F1_SCORE": 0.8363636363636363,
        "F1_SCORE_MACRO": 0.436038961038961,
        "F1_SCORE_WEIGHTED": 0.628941524796447,
        "ROC_AUC_SCORE": 0.4925174825174825,
        "ROC_AUC_SCORE_MACRO": 0.4925174825174825,
        "ROC_AUC_SCORE_WEIGHTED": 0.4925174825174825,
        "CONFUSION_MATRIX": [
            [
                1,
                49
            ],
            [
                5,
                138
            ]
        ]
    },
    "1": {
        "ACCURACY": 0.7409326424870466,
        "PRECISION": 0.743455497382199,
        "RECALL": 0.993006993006993,
        "PRECISION_MACRO": 0.6217277486910995,
        "RECALL_MACRO": 0.5065034965034965,
        "F1_SCORE": 0.8502994011976048,
        "F1_SCORE_MACRO": 0.44438046982957163,
        "F1_SCORE_WEIGHTED": 0.6399787113696084,
        "ROC_AUC_SCORE": 0.5065034965034965,
        "ROC_AUC_SCORE_MACRO": 0.5065034965034965,
        "ROC_AUC_SCORE_WEIGHTED": 0.5065034965034965,
        "CONFUSION_MATRIX": [
            [
                1,
                49
            ],
            [
                1,
                142
            ]
        ]
    },
    "2": {
        "ACCURACY": 0.7357512953367875,
        "PRECISION": 0.7421052631578947,
        "RECALL": 0.986013986013986,
        "PRECISION_MACRO": 0.537719298245614,
        "RECALL_MACRO": 0.503006993006993,
        "F1_SCORE": 0.8468468468468469,
        "F1_SCORE_MACRO": 0.4422913479517253,
        "F1_SCORE_WEIGHTED": 0.6372325987146595,
        "ROC_AUC_SCORE": 0.503006993006993,
        "ROC_AUC_SCORE_MACRO": 0.503006993006993,
        "ROC_AUC_SCORE_WEIGHTED": 0.503006993006993,
        "CONFUSION_MATRIX": [
            [
                1,
                49
            ],
            [
                2,
                141
            ]
        ]
    },
    "3": {
        "ACCURACY": 0.7253886010362695,
        "PRECISION": 0.7419354838709677,
        "RECALL": 0.965034965034965,
        "PRECISION_MACRO": 0.5138248847926268,
        "RECALL_MACRO": 0.5025174825174825,
        "F1_SCORE": 0.8389057750759878,
        "F1_SCORE_MACRO": 0.45454060683623954,
        "F1_SCORE_WEIGHTED": 0.6397528381642011,
        "ROC_AUC_SCORE": 0.5025174825174825,
        "ROC_AUC_SCORE_MACRO": 0.5025174825174825,
        "ROC_AUC_SCORE_WEIGHTED": 0.5025174825174825,
        "CONFUSION_MATRIX": [
            [
                2,
                48
            ],
            [
                5,
                138
            ]
        ]
    },
    "4": {
        "ACCURACY": 0.7357512953367875,
        "PRECISION": 0.7421052631578947,
        "RECALL": 0.986013986013986,
        "PRECISION_MACRO": 0.537719298245614,
        "RECALL_MACRO": 0.503006993006993,
        "F1_SCORE": 0.8468468468468469,
        "F1_SCORE_MACRO": 0.4422913479517253,
        "F1_SCORE_WEIGHTED": 0.6372325987146595,
        "ROC_AUC_SCORE": 0.503006993006993,
        "ROC_AUC_SCORE_MACRO": 0.503006993006993,
        "ROC_AUC_SCORE_WEIGHTED": 0.503006993006993,
        "CONFUSION_MATRIX": [
            [
                1,
                49
            ],
            [
                2,
                141
            ]
        ]
    }
}