{
    "0": {
        "ACCURACY": 0.5,
        "PRECISION": 0.0,
        "RECALL": 0.0,
        "PRECISION_MACRO": 0.2727272727272727,
        "RECALL_MACRO": 0.42857142857142855,
        "F1_SCORE": 0.0,
        "F1_SCORE_MACRO": 0.3333333333333333,
        "F1_SCORE_WEIGHTED": 0.38888888888888884,
        "ROC_AUC_SCORE": 0.4285714285714286,
        "ROC_AUC_SCORE_MACRO": 0.4285714285714286,
        "ROC_AUC_SCORE_WEIGHTED": 0.4285714285714286,
        "CONFUSION_MATRIX": [
            [
                6,
                1
            ],
            [
                5,
                0
            ]
        ]
    },
    "1": {
        "ACCURACY": 0.4166666666666667,
        "PRECISION": 0.0,
        "RECALL": 0.0,
        "PRECISION_MACRO": 0.25,
        "RECALL_MACRO": 0.35714285714285715,
        "F1_SCORE": 0.0,
        "F1_SCORE_MACRO": 0.29411764705882354,
        "F1_SCORE_WEIGHTED": 0.34313725490196084,
        "ROC_AUC_SCORE": 0.35714285714285715,
        "ROC_AUC_SCORE_MACRO": 0.35714285714285715,
        "ROC_AUC_SCORE_WEIGHTED": 0.35714285714285715,
        "CONFUSION_MATRIX": [
            [
                5,
                2
            ],
            [
                5,
                0
            ]
        ]
    },
    "2": {
        "ACCURACY": 0.4166666666666667,
        "PRECISION": 0.0,
        "RECALL": 0.0,
        "PRECISION_MACRO": 0.25,
        "RECALL_MACRO": 0.35714285714285715,
        "F1_SCORE": 0.0,
        "F1_SCORE_MACRO": 0.29411764705882354,
        "F1_SCORE_WEIGHTED": 0.34313725490196084,
        "ROC_AUC_SCORE": 0.35714285714285715,
        "ROC_AUC_SCORE_MACRO": 0.35714285714285715,
        "ROC_AUC_SCORE_WEIGHTED": 0.35714285714285715,
        "CONFUSION_MATRIX": [
            [
                5,
                2
            ],
            [
                5,
                0
            ]
        ]
    },
    "3": {
        "ACCURACY": 0.4166666666666667,
        "PRECISION": 0.0,
        "RECALL": 0.0,
        "PRECISION_MACRO": 0.25,
        "RECALL_MACRO": 0.35714285714285715,
        "F1_SCORE": 0.0,
        "F1_SCORE_MACRO": 0.29411764705882354,
        "F1_SCORE_WEIGHTED": 0.34313725490196084,
        "ROC_AUC_SCORE": 0.35714285714285715,
        "ROC_AUC_SCORE_MACRO": 0.35714285714285715,
        "ROC_AUC_SCORE_WEIGHTED": 0.35714285714285715,
        "CONFUSION_MATRIX": [
            [
                5,
                2
            ],
            [
                5,
                0
            ]
        ]
    },
    "4": {
        "ACCURACY": 0.4166666666666667,
        "PRECISION": 0.0,
        "RECALL": 0.0,
        "PRECISION_MACRO": 0.25,
        "RECALL_MACRO": 0.35714285714285715,
        "F1_SCORE": 0.0,
        "F1_SCORE_MACRO": 0.29411764705882354,
        "F1_SCORE_WEIGHTED": 0.34313725490196084,
        "ROC_AUC_SCORE": 0.35714285714285715,
        "ROC_AUC_SCORE_MACRO": 0.35714285714285715,
        "ROC_AUC_SCORE_WEIGHTED": 0.35714285714285715,
        "CONFUSION_MATRIX": [
            [
                5,
                2
            ],
            [
                5,
                0
            ]
        ]
    }
}