{
    "0": {
        "ACCURACY": 0.5833333333333334,
        "PRECISION": 0.5,
        "RECALL": 0.6,
        "PRECISION_MACRO": 0.5833333333333333,
        "RECALL_MACRO": 0.5857142857142856,
        "F1_SCORE": 0.5454545454545454,
        "F1_SCORE_MACRO": 0.5804195804195804,
        "F1_SCORE_WEIGHTED": 0.5862470862470862,
        "ROC_AUC_SCORE": 0.5857142857142856,
        "ROC_AUC_SCORE_MACRO": 0.5857142857142856,
        "ROC_AUC_SCORE_WEIGHTED": 0.5857142857142856,
        "CONFUSION_MATRIX": [
            [
                4,
                3
            ],
            [
                2,
                3
            ]
        ]
    },
    "1": {
        "ACCURACY": 0.9166666666666666,
        "PRECISION": 1.0,
        "RECALL": 0.8,
        "PRECISION_MACRO": 0.9375,
        "RECALL_MACRO": 0.9,
        "F1_SCORE": 0.8888888888888888,
        "F1_SCORE_MACRO": 0.9111111111111111,
        "F1_SCORE_WEIGHTED": 0.9148148148148149,
        "ROC_AUC_SCORE": 0.9,
        "ROC_AUC_SCORE_MACRO": 0.9,
        "ROC_AUC_SCORE_WEIGHTED": 0.9,
        "CONFUSION_MATRIX": [
            [
                7,
                0
            ],
            [
                1,
                4
            ]
        ]
    },
    "2": {
        "ACCURACY": 0.5833333333333334,
        "PRECISION": 0.5,
        "RECALL": 0.8,
        "PRECISION_MACRO": 0.625,
        "RECALL_MACRO": 0.6142857142857143,
        "F1_SCORE": 0.6153846153846154,
        "F1_SCORE_MACRO": 0.5804195804195804,
        "F1_SCORE_WEIGHTED": 0.5745920745920746,
        "ROC_AUC_SCORE": 0.6142857142857143,
        "ROC_AUC_SCORE_MACRO": 0.6142857142857143,
        "ROC_AUC_SCORE_WEIGHTED": 0.6142857142857143,
        "CONFUSION_MATRIX": [
            [
                3,
                4
            ],
            [
                1,
                4
            ]
        ]
    },
    "3": {
        "ACCURACY": 0.8333333333333334,
        "PRECISION": 0.8,
        "RECALL": 0.8,
        "PRECISION_MACRO": 0.8285714285714285,
        "RECALL_MACRO": 0.8285714285714285,
        "F1_SCORE": 0.8,
        "F1_SCORE_MACRO": 0.8285714285714285,
        "F1_SCORE_WEIGHTED": 0.8333333333333334,
        "ROC_AUC_SCORE": 0.8285714285714286,
        "ROC_AUC_SCORE_MACRO": 0.8285714285714286,
        "ROC_AUC_SCORE_WEIGHTED": 0.8285714285714286,
        "CONFUSION_MATRIX": [
            [
                6,
                1
            ],
            [
                1,
                4
            ]
        ]
    },
    "4": {
        "ACCURACY": 0.5833333333333334,
        "PRECISION": 0.5,
        "RECALL": 0.6,
        "PRECISION_MACRO": 0.5833333333333333,
        "RECALL_MACRO": 0.5857142857142856,
        "F1_SCORE": 0.5454545454545454,
        "F1_SCORE_MACRO": 0.5804195804195804,
        "F1_SCORE_WEIGHTED": 0.5862470862470862,
        "ROC_AUC_SCORE": 0.5857142857142856,
        "ROC_AUC_SCORE_MACRO": 0.5857142857142856,
        "ROC_AUC_SCORE_WEIGHTED": 0.5857142857142856,
        "CONFUSION_MATRIX": [
            [
                4,
                3
            ],
            [
                2,
                3
            ]
        ]
    }
}